,census_tract,rides_yellow,rides_uber,rides_green,share_uber,total_rides,share_yellow
0,100,41318,11372.0,33030.0,0.3853243117125525,85720.0,0.4820111992533831
1,200,498,618.0,664.0,0.37303370786516854,1780.0,0.2797752808988764
2,201,5306,2889.0,4.0,0.00048786437370411026,8199.0,0.6471520917185023
3,202,1009,191.0,19.0,0.015586546349466776,1219.0,0.8277276456111566
4,300,56,10.0,1466.0,0.9569190600522193,1532.0,0.03655352480417755
5,301,2383,2647.0,3348.0,0.39961804726665073,8378.0,0.28443542611601813
6,400,117,116.0,308.0,0.5693160813308688,541.0,0.21626617375231053
7,500,229,,,,,
8,501,14136,3150.0,11408.0,0.3975744057991218,28694.0,0.49264654631630306
9,502,41894,3160.0,27071.0,0.3753344887348354,72125.0,0.5808526863084922
10,600,2028,529.0,101.0,0.03799849510910459,2658.0,0.7629796839729119
11,700,379427,34862.0,58822.0,0.12433023117196598,473111.0,0.801983044148202
12,800,12568,1858.0,103.0,0.00708926973638929,14529.0,0.8650285635625301
13,801,14,,,,,
14,802,7,6.0,6.0,0.3157894736842105,19.0,0.3684210526315789
15,900,324559,24951.0,80940.0,0.18803577651295156,430450.0,0.7539993030549424
16,1000,78,36.0,244.0,0.6815642458100558,358.0,0.21787709497206703
17,1001,6026,809.0,372.0,0.05161648397391425,7207.0,0.83613153878174
18,1002,2268,390.0,36.0,0.013363028953229399,2694.0,0.8418708240534521
19,1100,40727,4919.0,69501.0,0.6035849826743207,115147.0,0.35369571070023537
20,1200,14346,1751.0,298.0,0.018176273254040864,16395.0,0.8750228728270815
21,1300,593581,43945.0,9570.0,0.014789150296092079,647096.0,0.9172997515051863
22,1400,101,104.0,491.0,0.7054597701149425,696.0,0.14511494252873564
23,1401,48240,6876.0,18.0,0.000326477309826967,55134.0,0.8749591903362717
24,1402,126546,5126.0,36.0,0.00027333191605673153,131708.0,0.9608072402587542
25,1500,51400,4132.0,19602.0,0.260893869619613,75134.0,0.6841110549152182
26,1501,172129,10988.0,12.0,6.552757891977786e-05,183129.0,0.9399330526568703
27,1502,51526,2583.0,,,,
28,1600,133716,10445.0,1452.0,0.009971637147782136,145613.0,0.9182971300639367
29,1700,36,70.0,53.0,0.3333333333333333,159.0,0.22641509433962265
30,1800,370364,18893.0,387.0,0.0009932143187114393,389644.0,0.9505189352331872
31,1900,35081,6669.0,31103.0,0.4269281978779185,72853.0,0.48153130276035305
32,2000,7666,875.0,694.0,0.07514889009204115,9235.0,0.8301028695181375
33,2001,28,3.0,,,,
34,2002,52,26.0,,,,
35,2100,813890,73640.0,93370.0,0.09518809256804975,980900.0,0.8297379957182179
36,2200,600,718.0,1016.0,0.43530419880034277,2334.0,0.2570694087403599
37,2201,5489,3894.0,,,,
38,2202,121715,7217.0,,,,
39,2300,13120,3366.0,17524.0,0.5152602175830638,34010.0,0.38576889150249927
40,2400,1058,197.0,151.0,0.1073968705547653,1406.0,0.7524893314366998
41,2500,28697,1460.0,23569.0,0.4386889029520158,53726.0,0.5341361724304806
42,2600,54,102.0,142.0,0.47651006711409394,298.0,0.18120805369127516
43,2601,27008,3519.0,6.0,0.00019650869550977631,30533.0,0.8845511413880064
44,2602,90716,9864.0,,,,
45,2700,67856,4436.0,6.0,8.298984757531328e-05,72298.0,0.9385598495117431
46,2701,560,74.0,2743.0,0.812259401835949,3377.0,0.16582765768433522
47,2702,421,105.0,3063.0,0.8534410699359153,3589.0,0.11730286988018947
48,2800,118390,8991.0,791.0,0.006171394688387479,128172.0,0.9236806790874762
49,2900,55350,4011.0,24.0,0.0004041424602172266,59385.0,0.9320535488759788
50,2901,2693,439.0,4682.0,0.5991809572562068,7814.0,0.34463782953672895
51,3000,228,93.0,62.0,0.1618798955613577,383.0,0.5953002610966057
52,3001,385566,24415.0,16.0,3.902467579031066e-05,409997.0,0.9404117591104325
53,3002,292700,10578.0,18.0,5.9347963705423086e-05,303296.0,0.9650638320320742
54,3100,217069,27786.0,15537.0,0.05966773172754923,260392.0,0.8336239208577837
55,3200,396435,20336.0,257.0,0.000616265574493799,417028.0,0.9506196226632264
56,3201,19,29.0,6.0,0.1111111111111111,54.0,0.35185185185185186
57,3202,74,216.0,48.0,0.14201183431952663,338.0,0.21893491124260356
58,3300,604732,54790.0,58929.0,0.08202229518784163,718451.0,0.8417164148981628
59,3400,432722,20341.0,119.0,0.00026258765793875307,453182.0,0.9548525757863287
60,3500,38765,5818.0,72059.0,0.6177791875996639,116642.0,0.33234169510125
61,3600,198,320.0,143.0,0.21633888048411498,661.0,0.29954614220877457
62,3601,246828,18306.0,25.0,9.428305280982354e-05,265159.0,0.930867894357725
63,3602,260976,14559.0,18.0,6.532318646503577e-05,275553.0,0.9470991061610652
64,3700,178991,36008.0,28490.0,0.11700733914057719,243489.0,0.7351091835770815
65,3800,295055,16777.0,313.0,0.0010027391116308126,312145.0,0.9452498037770908
66,3900,242738,25172.0,23817.0,0.08164139760803765,291727.0,0.8320724512986456
67,4000,375133,17806.0,40.0,0.00010178660946259215,392979.0,0.9545879041882646
68,4001,321,28.0,1783.0,0.8363039399624765,2132.0,0.15056285178236398
69,4002,279,116.0,457.0,0.5363849765258216,852.0,0.3274647887323944
70,4100,296128,23422.0,13683.0,0.041061359469200226,333233.0,0.8886514840967131
71,4200,632929,24601.0,2699.0,0.004087975535761077,660229.0,0.9586507105867813
72,4300,613012,49704.0,60459.0,0.08360217098212742,723175.0,0.8476675770041829
73,4400,4608,210.0,476.0,0.08991310918020401,5294.0,0.8704193426520589
74,4401,111,181.0,66.0,0.18435754189944134,358.0,0.3100558659217877
75,4500,529273,48928.0,34197.0,0.05584113599325929,612398.0,0.8642631099383081
76,4600,109,45.0,1174.0,0.8840361445783133,1328.0,0.08207831325301204
77,4700,507164,60429.0,4480.0,0.007831168399837083,572073.0,0.8865372076640569
78,4800,314919,11544.0,3638.0,0.01102086937028364,330101.0,0.9540080157285195
79,4900,484179,57541.0,2755.0,0.005059920106524634,544475.0,0.8892584599843887
80,5000,635820,28097.0,12.0,1.8074221791787976e-05,663929.0,0.957662641637886
81,5001,54,,449.0,,,
82,5002,74,24.0,2177.0,0.9569230769230769,2275.0,0.032527472527472526
83,5100,19524,2401.0,52988.0,0.7073271661794348,74913.0,0.26062232189339635
84,5200,576300,37923.0,736.0,0.0011968277559967413,614959.0,0.9371356464414701
85,5201,11,72.0,30.0,0.26548672566371684,113.0,0.09734513274336283
86,5202,35,78.0,66.0,0.3687150837988827,179.0,0.19553072625698323
87,5300,17005,4725.0,10008.0,0.31533177894007186,31738.0,0.5357930556430777
88,5400,721192,44242.0,2419.0,0.003150342578592517,767853.0,0.9392318581811884
89,5500,8416,605.0,6724.0,0.4270562083201016,15745.0,0.5345188948872658
90,5501,243063,20337.0,12.0,4.555601111566671e-05,263412.0,0.9227483941506082
91,5502,566374,38660.0,,,,
92,5600,661731,34837.0,537.0,0.0007703287166208821,697105.0,0.9492558509837112
93,5601,15,15.0,,,,
94,5602,83,96.0,48.0,0.21145374449339208,227.0,0.3656387665198238
95,5700,440720,27725.0,7638.0,0.016043421000119726,476083.0,0.925720935215078
96,5800,898524,53658.0,259.0,0.00027193285463351534,952441.0,0.9433907192151535
97,5801,58,213.0,164.0,0.37701149425287356,435.0,0.13333333333333333
98,5804,87,131.0,93.0,0.2990353697749196,311.0,0.2797427652733119
99,5900,185367,20218.0,57156.0,0.21753742278517627,262741.0,0.7055122725421613
100,5902,1933,831.0,16009.0,0.8527672721461673,18773.0,0.10296702711340755
101,6000,115563,10649.0,2191.0,0.017063464249277665,128403.0,0.9000023363940095
102,6100,519220,29238.0,21526.0,0.037765972378172016,569984.0,0.9109378508870425
103,6200,35143,4394.0,1470.0,0.035847538225181066,41007.0,0.8570000243860805
104,6201,186,80.0,114.0,0.3,380.0,0.48947368421052634
105,6202,103,59.0,127.0,0.43944636678200694,289.0,0.356401384083045
106,6300,388329,30080.0,79729.0,0.16005404124961356,498138.0,0.7795610854823363
107,6400,418254,16147.0,725.0,0.0016661840478390168,435126.0,0.9612250244756692
108,6500,580157,36795.0,39471.0,0.060130434186492554,656423.0,0.8838157712328788
109,6501,8459,720.0,32561.0,0.7800910397700048,41740.0,0.20265931959750838
110,6502,8398,575.0,24603.0,0.7327555396711937,33576.0,0.25011913271384323
111,6600,388767,8978.0,263.0,0.0006607907378746155,398008.0,0.9767818737311813
112,6700,731879,61500.0,27757.0,0.03380317024220105,821136.0,0.8913005884530699
113,6800,689660,29577.0,1427.0,0.001980118335312989,720664.0,0.9569785642130035
114,6900,76940,12936.0,28365.0,0.2398914082255732,118241.0,0.6507049162304108
115,7000,479548,14062.0,1587.0,0.00320478516630755,495197.0,0.9683984353701658
116,7100,504414,33124.0,38196.0,0.0663431376295303,575734.0,0.8761233486297492
117,7200,807722,22785.0,19039.0,0.02241079352972058,849546.0,0.9507689989712153
118,7201,37,19.0,12.0,0.17647058823529413,68.0,0.5441176470588235
119,7202,66,6.0,,,,
120,7300,701941,46762.0,10897.0,0.014345708267509215,759600.0,0.9240929436545551
121,7400,808734,37318.0,916.0,0.001081504850242276,846968.0,0.9548577986417432
122,7500,123619,26088.0,34779.0,0.18851836995761195,184486.0,0.6700725258285182
123,7600,942595,32550.0,2332.0,0.002385733884275538,977477.0,0.9643142498493571
124,7700,580697,38793.0,19032.0,0.029806334002587226,638522.0,0.909439298880853
125,7800,387572,13840.0,1043.0,0.002591594091264862,402455.0,0.9630194680150576
126,7900,274200,34891.0,7180.0,0.02270204982435949,316271.0,0.8669780030416953
127,8000,924206,28069.0,481.0,0.000504851189601535,952756.0,0.9700343004924661
128,8100,405764,23830.0,1274.0,0.0029568220429458674,430868.0,0.9417362161961436
129,8200,633945,34184.0,533.0,0.0007971142370883944,668662.0,0.9480798968686721
130,8300,1305822,94919.0,7448.0,0.005289062760751575,1408189.0,0.9273059227134994
131,8400,652975,43741.0,5023.0,0.007157931937657733,701739.0,0.9305097764268482
132,8500,3338,2245.0,6582.0,0.5410604192355117,12165.0,0.2743937525688451
133,8600,250,135.0,1485.0,0.7941176470588235,1870.0,0.13368983957219252
134,8601,85759,3068.0,12.0,0.00013507581129909162,88839.0,0.9653305417665665
135,8602,39385,779.0,,,,
136,8603,53029,5884.0,,,,
137,8700,319756,22148.0,1745.0,0.005077855602664346,343649.0,0.9304726625132039
138,8800,483457,18878.0,618.0,0.0012287430435845895,502953.0,0.9612369346638752
139,8900,347305,22582.0,2088.0,0.005613280462396666,371975.0,0.9336783385980241
140,9000,470782,19961.0,296.0,0.0006028034433110201,491039.0,0.9587466575974617
141,9100,438443,23985.0,914.0,0.001972624972482529,463342.0,0.9462621562474371
142,9200,1136033,50170.0,4463.0,0.0037483223674817288,1190666.0,0.9541155958094042
143,9300,538535,25684.0,337.0,0.0005969292683099639,564556.0,0.9539089124905236
144,9400,923792,47066.0,317.0,0.0003264087316909929,971175.0,0.9512106468968002
145,9500,467674,24332.0,2383.0,0.004820091061896604,494389.0,0.9459636035591407
146,9600,671034,55363.0,1452.0,0.001994919275838807,727849.0,0.9219412268203981
147,9601,13,30.0,,,,
148,9602,12,16.0,1.0,0.034482758620689655,29.0,0.41379310344827586
149,9700,218208,7181.0,1087.0,0.004799625567389039,226476.0,0.963492820431304
150,9800,627459,16707.0,1235.0,0.001913539024575419,645401.0,0.9722002290049132
151,9900,332449,41890.0,551.0,0.0014697644642428446,374890.0,0.8867907919656433
152,10000,995528,51488.0,207.0,0.000197665635686,1047223.0,0.9506361109333924
153,10100,1699311,40766.0,3149.0,0.0018064209689391967,1743226.0,0.9748082004284011
154,10200,689045,58053.0,276.0,0.00036929301795352796,747374.0,0.9219547375209735
155,10300,408330,20541.0,1469.0,0.0034135799600316027,430340.0,0.9488543941999349
156,10400,787543,52377.0,434.0,0.0005164490202938286,840354.0,0.9371562460582088
157,10500,467,93.0,586.0,0.5113438045375218,1146.0,0.4075043630017452
158,10600,199,219.0,562.0,0.573469387755102,980.0,0.2030612244897959
159,10601,143328,8609.0,1.0,6.5816319814661244e-06,151938.0,0.9433321486395767
160,10602,138429,4819.0,653.0,0.004537841988589378,143901.0,0.9619738570267059
161,10701,160,,,,,
162,10800,513720,14923.0,150.0,0.000283664874535026,528793.0,0.971495462307557
163,10900,478241,22024.0,6.0,1.1993499523258395e-05,500271.0,0.9559638675837696
164,11000,417107,10587.0,503.0,0.0011746929567465442,428197.0,0.9741007059834609
165,11100,419376,20477.0,1249.0,0.002831544631400447,441102.0,0.9507460859393065
166,11200,179,80.0,287.0,0.5256410256410257,546.0,0.32783882783882784
167,11201,788208,49708.0,66.0,7.876064163669386e-05,837982.0,0.9406025427753818
168,11202,628950,41959.0,24.0,3.577108295463183e-05,670933.0,0.9374259426798205
169,11203,594822,25858.0,18.0,2.899961011635288e-05,620698.0,0.9583114493682918
170,11300,794637,33088.0,20853.0,0.024574052120135095,848578.0,0.9364336572477722
171,11400,180,510.0,892.0,0.5638432364096081,1582.0,0.11378002528445007
172,11401,478710,31448.0,18.0,3.528194191808317e-05,510176.0,0.938323245311422
173,11402,690222,16721.0,18.0,2.5461093327637592e-05,706961.0,0.9763225977104819
174,11500,683136,24770.0,43785.0,0.058248668668375705,751691.0,0.9087989612753112
175,11502,118,61.0,2099.0,0.9214223002633889,2278.0,0.05179982440737489
176,11600,180812,5170.0,588.0,0.003151632095192153,186570.0,0.9691375891086456
177,11700,419240,23740.0,8608.0,0.019061622540900113,451588.0,0.9283683357396565
178,11800,419470,17773.0,283.0,0.0006468187033456297,437526.0,0.9587315953794746
179,11900,717003,41081.0,13320.0,0.017267216659493597,771404.0,0.9294779389269436
180,12000,520117,14923.0,1171.0,0.0021838418085417866,536211.0,0.9699856959294009
181,12100,679993,25451.0,12755.0,0.017759701698275825,718199.0,0.9468030448385475
182,12101,25,115.0,241.0,0.6325459317585301,381.0,0.06561679790026247
183,12102,48,6.0,1678.0,0.9688221709006929,1732.0,0.02771362586605081
184,12200,372218,20673.0,365.0,0.000928148585145554,393256.0,0.9465030412759119
185,12300,138,201.0,1230.0,0.7839388145315488,1569.0,0.08795411089866156
186,12301,499,324.0,1710.0,0.6750888274772996,2533.0,0.19699960521121201
187,12400,426536,13671.0,963.0,0.0021828320148695513,441170.0,0.9668291134936646
188,12500,790316,31531.0,13704.0,0.016401153250968522,835551.0,0.9458620718543811
189,12600,447775,18169.0,380.0,0.0008148840720185965,466324.0,0.9602229351266501
190,12601,48,28.0,228.0,0.75,304.0,0.15789473684210525
191,12602,28,9.0,126.0,0.7730061349693251,163.0,0.17177914110429449
192,12700,513164,16861.0,6091.0,0.011361347171134606,536116.0,0.9571883696811884
193,12701,78,49.0,5108.0,0.9757402101241642,5235.0,0.01489971346704871
194,12800,671510,23850.0,230.0,0.0003306545522506074,695590.0,0.9653819060078495
195,12801,148,63.0,19.0,0.08260869565217391,230.0,0.6434782608695652
196,12804,6,,,,,
197,12805,5,,,,,
198,12806,7,,,,,
199,12900,299390,12279.0,36.0,0.00011549381626858728,311705.0,0.9604914903514541
200,12901,21612,2057.0,23751.0,0.5008646140868832,47420.0,0.4557570645297343
201,12902,20239,2819.0,19281.0,0.45539573442924963,42339.0,0.4780226268924632
202,13000,542992,30342.0,1073.0,0.0018680134469113365,574407.0,0.9453088141335325
203,13100,823418,36110.0,18510.0,0.021081092162298216,878038.0,0.937793125126703
204,13200,242272,7826.0,1143.0,0.0045494166955234215,251241.0,0.9643012087995192
205,13201,8,,,,,
206,13203,5,12.0,,,,
207,13204,1,,,,,
208,13300,557340,19708.0,27099.0,0.044854977348228166,604147.0,0.9225238228444401
209,13301,3,6.0,,,,
210,13302,3,19.0,6.0,0.21428571428571427,28.0,0.10714285714285714
211,13400,550546,17128.0,1479.0,0.002598598267952554,569153.0,0.9673075605329323
212,13500,153389,10602.0,14927.0,0.0834292804524978,178918.0,0.8573145239718754
213,13600,255279,10630.0,1438.0,0.0053787773941731155,267347.0,0.954860163009123
214,13700,979576,47847.0,14865.0,0.014261893066023977,1042288.0,0.9398323687886649
215,13800,393954,13894.0,557.0,0.001363842264418898,408405.0,0.9646160061703456
216,13900,407573,14651.0,8999.0,0.02086855292969067,431223.0,0.9451559865777104
217,14000,429111,17417.0,187.0,0.00041861141891362503,446715.0,0.9605923239649441
218,14100,6052,1828.0,11437.0,0.5920691618781384,19317.0,0.313299166537247
219,14200,525100,23757.0,106.0,0.00019309133766756594,548963.0,0.9565307680116875
220,14201,254,49.0,539.0,0.6401425178147269,842.0,0.3016627078384798
221,14202,195,61.0,595.0,0.699177438307873,851.0,0.2291421856639248
222,14300,23474,1319.0,26590.0,0.5174863281630111,51383.0,0.45684370317030926
223,14400,514,185.0,2029.0,0.7437683284457478,2728.0,0.18841642228739003
224,14401,196617,8139.0,17.0,8.301875735570607e-05,204773.0,0.9601705302945213
225,14402,233776,10761.0,12.0,4.9069920547620316e-05,244549.0,0.9559474788283738
226,14500,697075,24643.0,7521.0,0.010313491187388496,729239.0,0.9558937467688919
227,14600,51,37.0,71.0,0.44654088050314467,159.0,0.32075471698113206
228,14601,298842,9496.0,12.0,3.8916815307280684e-05,308350.0,0.9691649100048646
229,14602,189620,5907.0,24.0,0.000122730131781479,195551.0,0.969670316183502
230,14604,2,,,,,
231,14605,4,,,,,
232,14606,4,6.0,,,,
233,14607,1,6.0,,,,
234,14608,4,,,,,
235,14700,430018,19354.0,4000.0,0.008822776880795462,453372.0,0.9484882171814757
236,14701,73,14.0,2231.0,0.9624676445211389,2318.0,0.031492666091458156
237,14702,54,51.0,1945.0,0.948780487804878,2050.0,0.026341463414634145
238,14800,153,58.0,162.0,0.4343163538873995,373.0,0.4101876675603217
239,14801,509980,11627.0,18.0,3.4507548526240116e-05,521625.0,0.9776755331895519
240,14802,332559,8777.0,66.0,0.00019332048435568625,341402.0,0.9740979841945858
241,14900,694887,21298.0,33521.0,0.044712193846654556,749706.0,0.9268793366999863
242,15000,108,94.0,169.0,0.4555256064690027,371.0,0.29110512129380056
243,15001,313599,11045.0,18.0,5.54422753509804e-05,324662.0,0.9659245615440057
244,15002,248089,7859.0,29.0,0.0001132914285267817,255977.0,0.9691847314407154
245,15100,52931,10526.0,11182.0,0.14981444017202802,74639.0,0.7091600905692734
246,15200,2938,697.0,1033.0,0.22129391602399315,4668.0,0.6293916023993145
247,15300,556356,19058.0,22637.0,0.03785128693037885,598051.0,0.9302818655934025
248,15400,260929,8178.0,84.0,0.0003120460936658358,269191.0,0.969308037787296
249,15500,123663,7233.0,74900.0,0.3639526521409551,205796.0,0.6009008921456199
250,15600,101,45.0,301.0,0.6733780760626398,447.0,0.22595078299776286
251,15601,127929,3995.0,10179.0,0.07163114079224224,142103.0,0.9002554485126986
252,15602,29864,345.0,11723.0,0.279571687494038,41932.0,0.7122007059047982
253,15603,7,6.0,6.0,0.3157894736842105,19.0,0.3684210526315789
254,15700,639523,20210.0,54411.0,0.07619051619841377,714144.0,0.895509869158041
255,15800,54,130.0,399.0,0.6843910806174958,583.0,0.09262435677530018
256,15801,229173,6704.0,316.0,0.001337888929815871,236193.0,0.9702785433945967
257,15802,124607,2330.0,44837.0,0.2610232049087755,171774.0,0.7254124605586411
258,15900,226999,13833.0,28822.0,0.10688511944936845,269654.0,0.8418158084063281
259,16000,422,352.0,497.0,0.3910306845003934,1271.0,0.33202202989771834
260,16001,231158,9294.0,443.0,0.0018389754872454804,240895.0,0.9595798999564126
261,16002,165628,4986.0,110414.0,0.39289323483780975,281028.0,0.5893647608067524
262,16100,538023,21621.0,28496.0,0.048451049069949334,588140.0,0.9147872955418778
263,16200,8492,814.0,18846.0,0.6694373401534527,28152.0,0.3016481955100881
264,16300,60726,5875.0,12709.0,0.16024460975917287,79310.0,0.7656789812129617
265,16400,46619,1095.0,30099.0,0.3868119722925475,77813.0,0.5991158289745929
266,16500,437318,16359.0,4808.0,0.010486711669956487,458485.0,0.9538327317142328
267,16600,44413,822.0,21478.0,0.32194624735808614,66713.0,0.665732316040352
268,16700,252426,9915.0,4467.0,0.01674237654043357,266808.0,0.9460960690833858
269,16800,69320,2750.0,108714.0,0.6013474643773785,180784.0,0.38344101247898044
270,16900,480264,16482.0,8259.0,0.01635429352184632,505005.0,0.9510084058573678
271,16901,10,,6.0,,,
272,17000,40275,470.0,12669.0,0.2371850076758902,53414.0,0.754015801100835
273,17005,4,1.0,,,,
274,17007,2,6.0,,,,
275,17008,9,,,,,
276,17009,4,,,,,
277,17010,6,6.0,,,,
278,17011,1,,,,,
279,17012,7,,,,,
280,17100,49655,3340.0,3740.0,0.0659205076231603,56735.0,0.8752093064246056
281,17200,35642,473.0,34423.0,0.4880064646006408,70538.0,0.5052879299101194
282,17201,21,54.0,24.0,0.24242424242424243,99.0,0.21212121212121213
283,17202,22,21.0,30.0,0.410958904109589,73.0,0.3013698630136986
284,17300,384869,13356.0,5936.0,0.014687216233134815,404161.0,0.9522665472423119
285,17400,92,76.0,157.0,0.48307692307692307,325.0,0.28307692307692306
286,17401,26413,612.0,27587.0,0.5051453892917308,54612.0,0.4836482824287702
287,17402,10690,239.0,19827.0,0.6446547015216543,30756.0,0.3475744570165171
288,17500,218717,9726.0,1426.0,0.006203533316802179,229869.0,0.9514854112559762
289,17600,53,78.0,56.0,0.2994652406417112,187.0,0.28342245989304815
290,17601,17,17.0,18.0,0.34615384615384615,52.0,0.3269230769230769
291,17602,23,55.0,8.0,0.09302325581395349,86.0,0.26744186046511625
292,17700,305655,7238.0,54.0,0.00017255317993142608,312947.0,0.9766989298507415
293,17701,94,4.0,2893.0,0.9672350384486794,2991.0,0.03142761618187897
294,17702,79,60.0,2436.0,0.9460194174757282,2575.0,0.030679611650485435
295,17800,11158,1264.0,14918.0,0.5456474030724213,27340.0,0.4081199707388442
296,17900,60043,5405.0,18275.0,0.21827932587222149,83723.0,0.7171625479258985
297,17901,253,77.0,6336.0,0.9504950495049505,6666.0,0.037953795379537955
298,17902,138,56.0,5231.0,0.9642396313364056,5425.0,0.02543778801843318
299,18000,38433,677.0,21418.0,0.353852762357917,60528.0,0.63496233148295
300,18100,351638,10246.0,17944.0,0.04724243605000158,379828.0,0.9257821961519425
301,18101,25961,422.0,14484.0,0.35441799006533387,40867.0,0.6352558298871951
302,18102,22318,360.0,19494.0,0.4622498340130893,42172.0,0.5292136962913782
303,18200,30355,624.0,42934.0,0.5808721063953567,73913.0,0.4106855356973739
304,18201,20,15.0,44.0,0.5569620253164557,79.0,0.25316455696202533
305,18202,16,6.0,43.0,0.6615384615384615,65.0,0.24615384615384617
306,18300,114828,8276.0,31165.0,0.20201725557305744,154269.0,0.744336191976353
307,18301,816,327.0,12856.0,0.9183513108079149,13999.0,0.05828987784841774
308,18302,203,37.0,4930.0,0.9535783365570599,5170.0,0.03926499032882012
309,18400,10979,529.0,23508.0,0.6713502398903358,35016.0,0.31354238062599954
310,18401,42,43.0,111.0,0.5663265306122449,196.0,0.21428571428571427
311,18402,21,48.0,53.0,0.4344262295081967,122.0,0.1721311475409836
312,18500,240215,4177.0,5330.0,0.021343734232466504,249722.0,0.9619296657883567
313,18501,3874,714.0,6524.0,0.5871130309575234,11112.0,0.3486321094312455
314,18502,1511,713.0,2336.0,0.512280701754386,4560.0,0.331359649122807
315,18600,16978,448.0,22050.0,0.5585672307224643,39476.0,0.43008410173269834
316,18700,41104,5516.0,15454.0,0.24896091761446015,62074.0,0.6621774011663498
317,18701,17,24.0,,,,
318,18702,20,6.0,7.0,0.21212121212121213,33.0,0.6060606060606061
319,18800,40871,853.0,40539.0,0.492797490974071,82263.0,0.49683332725526663
320,18900,114207,3784.0,9905.0,0.07744573716144368,127896.0,0.8929677237755677
321,18901,12,5.0,,,,
322,18902,10,1.0,,,,
323,19000,26892,1048.0,47936.0,0.6317676208550793,75876.0,0.3544203700774949
324,19100,195935,6743.0,11865.0,0.05530359881235929,214543.0,0.9132668043236087
325,19200,3575,671.0,2398.0,0.3609271523178808,6644.0,0.5380794701986755
326,19300,140192,5331.0,45165.0,0.2368528696089948,190688.0,0.7351904681993623
327,19400,29039,1025.0,21363.0,0.41540435957765376,51427.0,0.5646644758589846
328,19500,147229,5179.0,34963.0,0.18659771255957433,187371.0,0.7857619375463653
329,19600,51593,1353.0,184460.0,0.7769812051927921,237406.0,0.21731969705904652
330,19700,7496,2796.0,19918.0,0.6593181065872228,30210.0,0.24812975835815956
331,19701,2111,177.0,980.0,0.2998776009791922,3268.0,0.6459608323133414
332,19702,55591,826.0,30792.0,0.3530828240204566,87209.0,0.6374456764783452
333,19800,14190,587.0,33308.0,0.6926900280752833,48085.0,0.2951024227929708
334,19900,142331,4835.0,100336.0,0.40539470388118076,247502.0,0.5750701004436328
335,20000,25914,1919.0,88200.0,0.760128584109693,116033.0,0.22333301733127645
336,20100,5447,2455.0,15337.0,0.6599681569774948,23239.0,0.23439046430569302
337,20101,45021,1897.0,70559.0,0.6006196957702359,117477.0,0.38323246252457926
338,20102,41723,1339.0,46341.0,0.5183383107949397,89403.0,0.46668456315783585
339,20200,3246,193.0,2753.0,0.4446059431524548,6192.0,0.5242248062015504
340,20300,116210,4670.0,108910.0,0.4739544801775534,229790.0,0.5057226163018408
341,20400,132,148.0,2146.0,0.8845836768342952,2426.0,0.05441055234954658
342,20500,6206,2544.0,6513.0,0.42671820742973204,15263.0,0.4066042062504095
343,20501,182,37.0,1831.0,0.8931707317073171,2050.0,0.08878048780487804
344,20502,59,5.0,654.0,0.9108635097493036,718.0,0.08217270194986072
345,20600,11249,646.0,21465.0,0.6434352517985612,33360.0,0.3372002398081535
346,20601,75,13.0,1763.0,0.9524581307401405,1851.0,0.04051863857374392
347,20700,5089,2861.0,5862.0,0.42441355343179843,13812.0,0.36844772661453806
348,20701,30987,1405.0,42111.0,0.5652255613867898,74503.0,0.41591613760519713
349,20800,15899,1556.0,93900.0,0.8432490682950923,111355.0,0.14277760316106147
350,20801,69,13.0,12.0,0.1276595744680851,94.0,0.7340425531914894
351,20803,5,,,,,
352,20804,6,,,,,
353,20900,100,25.0,1916.0,0.9387555120039196,2041.0,0.04899559039686428
354,20901,22874,467.0,66930.0,0.7414341261313157,90271.0,0.2533925623954537
355,21000,6573,510.0,7506.0,0.5144972239358421,14589.0,0.450544931112482
356,21001,137,62.0,3614.0,0.9478101232625229,3813.0,0.03592971413585103
357,21002,46,30.0,1164.0,0.9387096774193548,1240.0,0.037096774193548385
358,21100,26240,2279.0,21193.0,0.4263155777277116,49712.0,0.5278403604763438
359,21200,19240,931.0,48118.0,0.7046229993117485,68289.0,0.28174376546735197
360,21300,1432,1198.0,2897.0,0.5241541523430432,5527.0,0.25909173149990955
361,21301,174,54.0,3302.0,0.9354107648725213,3530.0,0.04929178470254957
362,21302,62,75.0,2116.0,0.9391921881935198,2253.0,0.027518863737239236
363,21303,6899,655.0,13636.0,0.643511090136857,21190.0,0.32557810287871636
364,21400,8616,893.0,24354.0,0.7191920385081062,33863.0,0.2544369961314709
365,21500,16185,3653.0,32953.0,0.624216248981834,52791.0,0.3065863499460135
366,21501,88,7.0,2424.0,0.962286621675268,2519.0,0.034934497816593885
367,21502,89,15.0,2500.0,0.9600614439324117,2604.0,0.03417818740399386
368,21600,17044,1215.0,24855.0,0.5764948740548314,43114.0,0.39532402467875866
369,21601,95,46.0,2165.0,0.9388551604509974,2306.0,0.0411968777103209
370,21602,267,50.0,5683.0,0.9471666666666667,6000.0,0.0445
371,21700,6881,2189.0,13995.0,0.606763494472144,23065.0,0.29833080424886194
372,21703,6056,478.0,13541.0,0.6745205479452054,20075.0,0.30166874221668744
373,21800,11485,1513.0,22272.0,0.631471505528778,35270.0,0.32563084774595974
374,21900,52922,2494.0,46059.0,0.4538950480413895,101475.0,0.5215274698201527
375,22000,6631,1274.0,15128.0,0.6567967698519516,23033.0,0.2878912864151435
376,22001,926,117.0,672.0,0.39183673469387753,1715.0,0.5399416909620991
377,22002,291,127.0,443.0,0.5145180023228804,861.0,0.33797909407665505
378,22100,4441,1744.0,8042.0,0.5652632318830393,14227.0,0.31215294861882337
379,22101,115,6.0,3674.0,0.9681159420289855,3795.0,0.030303030303030304
380,22102,7398,673.0,22757.0,0.7381925522252498,30828.0,0.2399766446087972
381,22200,14371,878.0,60676.0,0.7991570628910108,75925.0,0.18927889364504444
382,22300,177,122.0,5153.0,0.9451577402787967,5452.0,0.032465150403521645
383,22301,37538,512.0,37049.0,0.4933354638543789,75099.0,0.49984686879985085
384,22302,4167,246.0,2620.0,0.3725295037679511,7033.0,0.5924925351912413
385,22400,3433,368.0,8294.0,0.6857379082265399,12095.0,0.28383629599007854
386,22401,263,181.0,4587.0,0.9117471675611211,5031.0,0.05227588948519181
387,22403,79,32.0,559.0,0.8343283582089552,670.0,0.11791044776119403
388,22404,51,23.0,1296.0,0.945985401459854,1370.0,0.03722627737226277
389,22500,759,406.0,3192.0,0.7326141840716089,4357.0,0.17420243286665135
390,22600,5839,1530.0,13310.0,0.6436481454615793,20679.0,0.28236375066492575
391,22700,15545,2556.0,43137.0,0.7044155589666546,61238.0,0.253845651392926
392,22701,132,128.0,2449.0,0.9040236249538575,2709.0,0.048726467331118496
393,22702,574,156.0,5079.0,0.8743329316577724,5809.0,0.09881218798416251
394,22703,116,23.0,5965.0,0.9772280471821756,6104.0,0.019003931847968544
395,22800,4863,605.0,12473.0,0.6952232317039184,17941.0,0.27105512513237834
396,22900,33712,2293.0,44646.0,0.5535703215087228,80651.0,0.41799853690592803
397,22901,84,12.0,2566.0,0.9639368895567243,2662.0,0.03155522163786627
398,22902,48,41.0,339.0,0.7920560747663551,428.0,0.11214953271028037
399,23000,4419,414.0,14152.0,0.7454306031077166,18985.0,0.23276270740057942
400,23100,8204,3723.0,28161.0,0.7024795450009979,40088.0,0.20464977050488925
401,23200,3049,281.0,15080.0,0.8191200434546442,18410.0,0.16561651276480174
402,23300,10757,2045.0,13304.0,0.5096146479736459,26106.0,0.4120508695319084
403,23301,106,13.0,4646.0,0.9750262329485834,4765.0,0.02224554039874082
404,23302,121,67.0,4909.0,0.9631155581714734,5097.0,0.023739454581126154
405,23400,2839,395.0,9813.0,0.7521269257300529,13047.0,0.21759791522955468
406,23500,4996,1865.0,8060.0,0.5401782722337645,14921.0,0.3348301052208297
407,23501,2171,556.0,12378.0,0.8194637537239324,15105.0,0.14372724263488912
408,23502,2079,343.0,11431.0,0.8251642243557352,13853.0,0.15007579585649317
409,23600,1334,198.0,6884.0,0.8179657794676806,8416.0,0.15850760456273763
410,23700,22283,1281.0,32056.0,0.5763394462423589,55620.0,0.40062927004674576
411,23702,135,74.0,12871.0,0.9840214067278288,13080.0,0.010321100917431193
412,23703,193,36.0,9365.0,0.9761309151553054,9594.0,0.02011673962893475
413,23704,126,48.0,5593.0,0.969828333622334,5767.0,0.021848448066585747
414,23800,670,66.0,2150.0,0.7449757449757449,2886.0,0.23215523215523215
415,23801,9769,1979.0,11901.0,0.5032348090828365,23649.0,0.4130830056239164
416,23802,977,239.0,748.0,0.38085539714867617,1964.0,0.4974541751527495
417,23900,3818,555.0,18141.0,0.8057653015901217,22514.0,0.16958337034733945
418,24000,4637,2214.0,3411.0,0.33239134671603976,10262.0,0.45186123562658354
419,24100,7466,2115.0,14802.0,0.6070622975023582,24383.0,0.3061969404913259
420,24200,5140,305.0,4493.0,0.45210303884081304,9938.0,0.517206681424834
421,24300,6860,1757.0,12221.0,0.5864766292350514,20838.0,0.3292062577982532
422,24301,1063,154.0,6690.0,0.8460857468066271,7907.0,0.13443783988870622
423,24302,499,53.0,4795.0,0.8967645408640359,5347.0,0.0933233588928371
424,24400,86,33.0,1122.0,0.9041095890410958,1241.0,0.0692989524576954
425,24401,12,,,,,
426,24402,1,312.0,,,,
427,24500,28451,1941.0,51207.0,0.6275444552016569,81599.0,0.3486684885844189
428,24501,58,12.0,3055.0,0.9776,3125.0,0.01856
429,24502,75,57.0,1363.0,0.9117056856187291,1495.0,0.05016722408026756
430,24600,137,67.0,500.0,0.7102272727272727,704.0,0.19460227272727273
431,24700,10491,1720.0,20633.0,0.6282121544269882,32844.0,0.31941907197661673
432,24800,575,1027.0,906.0,0.361244019138756,2508.0,0.2292663476874003
433,24900,14838,1449.0,72042.0,0.8156098223686445,88329.0,0.16798559929355025
434,25000,87,99.0,109.0,0.3694915254237288,295.0,0.29491525423728815
435,25100,27413,2733.0,88620.0,0.7461731471970092,118766.0,0.23081521647609585
436,25200,84,53.0,487.0,0.780448717948718,624.0,0.1346153846153846
437,25300,8750,1726.0,33371.0,0.7610782949802724,43847.0,0.19955755239811163
438,25301,17971,301.0,14583.0,0.4438593821336174,32855.0,0.5469791508141836
439,25302,7418,246.0,7017.0,0.47796471629997955,14681.0,0.5052789319528642
440,25400,102,62.0,898.0,0.8455743879472694,1062.0,0.096045197740113
441,25500,7190,2637.0,12517.0,0.5601951306838525,22344.0,0.32178660938059434
442,25600,80,72.0,673.0,0.8157575757575758,825.0,0.09696969696969697
443,25700,28113,2490.0,57104.0,0.6510768809787132,87707.0,0.3205331387460522
444,25800,54,39.0,73.0,0.4397590361445783,166.0,0.3253012048192771
445,25900,7428,570.0,48111.0,0.8574560230978987,56109.0,0.1323851788483131
446,25901,1177,674.0,2627.0,0.5866458240285842,4478.0,0.26284055381866905
447,25902,719,342.0,1350.0,0.5599336374948154,2411.0,0.29821650767316465
448,26000,49,64.0,68.0,0.3756906077348066,181.0,0.27071823204419887
449,26100,5829,1535.0,27151.0,0.7866434883384036,34515.0,0.16888309430682313
450,26200,31,64.0,14.0,0.12844036697247707,109.0,0.28440366972477066
451,26300,13120,987.0,63472.0,0.8181595534874129,77579.0,0.16911793139896106
452,26400,133,166.0,1343.0,0.817904993909866,1642.0,0.08099878197320341
453,26500,17867,1838.0,141262.0,0.8775836040927644,160967.0,0.1109979064031758
454,26600,33,20.0,68.0,0.5619834710743802,121.0,0.2727272727272727
455,26601,80,50.0,575.0,0.8156028368794326,705.0,0.11347517730496454
456,26602,60,80.0,712.0,0.8356807511737089,852.0,0.07042253521126761
457,26700,10289,1708.0,105052.0,0.8975044639424514,117049.0,0.08790335671385488
458,26701,111,43.0,6449.0,0.9766772679085264,6603.0,0.016810540663334848
459,26702,36,32.0,799.0,0.9215686274509803,867.0,0.04152249134948097
460,26800,57,8.0,4.0,0.057971014492753624,69.0,0.8260869565217391
461,26900,2404,1458.0,21109.0,0.8453405950903048,24971.0,0.09627167514316608
462,26901,4645,82.0,69034.0,0.9359146432396523,73761.0,0.06297365816623961
463,26902,1796,155.0,13518.0,0.873876785829724,15469.0,0.11610317409011571
464,27000,71,81.0,60.0,0.2830188679245283,212.0,0.33490566037735847
465,27100,6156,882.0,35646.0,0.8351138599943773,42684.0,0.14422265954456
466,27200,48,60.0,167.0,0.6072727272727273,275.0,0.17454545454545456
467,27300,3997,1328.0,18716.0,0.7785033900420115,24041.0,0.16625764319287883
468,27301,3,,,,,
469,27302,6,,,,,
470,27400,23,40.0,30.0,0.3225806451612903,93.0,0.24731182795698925
471,27401,20,49.0,132.0,0.6567164179104478,201.0,0.09950248756218906
472,27402,45,5.0,6.0,0.10714285714285714,56.0,0.8035714285714286
473,27500,1638,986.0,6661.0,0.7173936456650511,9285.0,0.1764135702746365
474,27600,70,65.0,99.0,0.4230769230769231,234.0,0.29914529914529914
475,27700,1449,936.0,11194.0,0.8243611458870315,13579.0,0.1067088887252375
476,27702,13,6.0,12.0,0.3870967741935484,31.0,0.41935483870967744
477,27704,3,6.0,,,,
478,27705,3,2.0,,,,
479,27706,10,6.0,,,,
480,27800,99,74.0,78.0,0.3107569721115538,251.0,0.3944223107569721
481,27900,3570,1380.0,23078.0,0.8233908948194663,28028.0,0.12737262737262736
482,28000,60,31.0,59.0,0.3933333333333333,150.0,0.4
483,28100,2398,1408.0,6602.0,0.6343197540353575,10408.0,0.23039969254419676
484,28200,40,95.0,55.0,0.2894736842105263,190.0,0.21052631578947367
485,28300,2451,1016.0,16990.0,0.8305225595150804,20457.0,0.11981228919196363
486,28400,88,105.0,780.0,0.8016443987667009,973.0,0.09044193216855087
487,28500,2134,916.0,12417.0,0.8028059740091809,15467.0,0.13797116441456003
488,28501,4334,585.0,5624.0,0.5334345063075026,10543.0,0.4110784406715356
489,28502,382,295.0,725.0,0.5171184022824536,1402.0,0.2724679029957204
490,28600,187,231.0,2980.0,0.8769864626250736,3398.0,0.05503237198351972
491,28700,8739,1685.0,14380.0,0.5797452023867118,24804.0,0.352322206095791
492,28800,112,161.0,566.0,0.6746126340882003,839.0,0.133492252681764
493,28900,4184,857.0,22085.0,0.8141635331416354,27126.0,0.15424316154243162
494,29000,111,80.0,48.0,0.200836820083682,239.0,0.46443514644351463
495,29100,5885,820.0,17705.0,0.725317492830807,24410.0,0.24108971732896353
496,29102,416,830.0,18.0,0.014240506329113924,1264.0,0.3291139240506329
497,29103,51,77.0,28.0,0.1794871794871795,156.0,0.3269230769230769
498,29104,76,78.0,18.0,0.10465116279069768,172.0,0.4418604651162791
499,29200,141,19.0,30.0,0.15789473684210525,190.0,0.7421052631578947
500,29300,7450,676.0,25443.0,0.7579314248264768,33569.0,0.2219309481962525
501,29301,204,265.0,36.0,0.07128712871287128,505.0,0.403960396039604
502,29302,213,155.0,205.0,0.35776614310645727,573.0,0.3717277486910995
503,29400,164,140.0,210.0,0.4085603112840467,514.0,0.31906614785992216
504,29500,10789,2045.0,27238.0,0.6797264923138351,40072.0,0.2692403673387902
505,29600,273,289.0,5158.0,0.9017482517482518,5720.0,0.04772727272727273
506,29700,2643,1789.0,8436.0,0.6555797326701897,12868.0,0.20539322350015543
507,29800,48,15.0,25.0,0.2840909090909091,88.0,0.5454545454545454
508,29900,9636,346.0,5419.0,0.3518602688137134,15401.0,0.6256736575547043
509,30000,108,93.0,4026.0,0.9524485450674237,4227.0,0.0255500354861604
510,30100,445,220.0,804.0,0.5473110959836623,1469.0,0.30292716133424097
511,30200,128,124.0,1606.0,0.8643702906350915,1858.0,0.0688912809472551
512,30300,1120,269.0,5333.0,0.7933650699196668,6722.0,0.1666170782505207
513,30301,5,65.0,,,,
514,30302,9,6.0,72.0,0.8275862068965517,87.0,0.10344827586206896
515,30400,42,44.0,65.0,0.4304635761589404,151.0,0.2781456953642384
516,30500,3703,2019.0,6431.0,0.5291697523245289,12153.0,0.3046984283715955
517,30600,924,400.0,411.0,0.23688760806916426,1735.0,0.5325648414985591
518,30700,1046,467.0,5145.0,0.7727545809552419,6658.0,0.157104235506158
519,30701,133,211.0,223.0,0.3932980599647266,567.0,0.2345679012345679
520,30800,11,19.0,36.0,0.5454545454545454,66.0,0.16666666666666666
521,30900,1322,574.0,13383.0,0.8759081091694483,15279.0,0.08652398717193534
522,30902,1234,54.0,1528.0,0.5426136363636364,2816.0,0.4382102272727273
523,30903,3777,83.0,4967.0,0.5627053359012122,8827.0,0.427891695932933
524,30904,5253,302.0,1985.0,0.26326259946949604,7540.0,0.696684350132626
525,31000,50,21.0,246.0,0.7760252365930599,317.0,0.15772870662460567
526,31100,1611,562.0,4346.0,0.6666666666666666,6519.0,0.2471237919926369
527,31200,13,29.0,287.0,0.8723404255319149,329.0,0.03951367781155015
528,31300,1215,831.0,2167.0,0.5143603133159269,4213.0,0.28839306907192025
529,31400,23,18.0,58.0,0.5858585858585859,99.0,0.23232323232323232
530,31500,1658,1225.0,4031.0,0.5830199595024588,6914.0,0.23980329765692798
531,31600,4,52.0,12.0,0.17647058823529413,68.0,0.058823529411764705
532,31700,96750,8295.0,2957.0,0.027379122608840577,108002.0,0.8958167441343678
533,31701,1174,1125.0,3153.0,0.5783198826118855,5452.0,0.21533382245047689
534,31702,2335,943.0,3877.0,0.5418588399720475,7155.0,0.32634521313766596
535,31703,312202,35323.0,158.0,0.0004544369439978371,347683.0,0.897950144240587
536,31704,136468,12088.0,12.0,8.07710947175704e-05,148568.0,0.9185558128264498
537,31800,21,6.0,24.0,0.47058823529411764,51.0,0.4117647058823529
538,31900,245372,12374.0,963.0,0.0037223289487416365,258709.0,0.9484478700006571
539,31901,12,,,,,
540,31902,7070,31792.0,428.0,0.010893357088317637,39290.0,0.17994400610842454
541,32000,222,167.0,210.0,0.35058430717863104,599.0,0.37061769616026713
542,32100,889,609.0,1820.0,0.5485232067510548,3318.0,0.2679324894514768
543,32300,3925,5158.0,1428.0,0.13585767291409,10511.0,0.37341832366092664
544,32400,13,21.0,211.0,0.8612244897959184,245.0,0.053061224489795916
545,32500,703,438.0,1624.0,0.5873417721518988,2765.0,0.25424954792043397
546,32600,97,56.0,1339.0,0.8974530831099196,1492.0,0.06501340482573727
547,32700,8025,760.0,12780.0,0.5926269418038488,21565.0,0.3721307674472525
548,32800,82,153.0,1046.0,0.8165495706479313,1281.0,0.06401249024199844
549,32900,6892,1564.0,2747.0,0.24520217798803892,11203.0,0.6151923591895028
550,33000,288,304.0,1255.0,0.6794802382241473,1847.0,0.15592853275582025
551,33100,928032,34134.0,1534.0,0.0015917816747950608,963700.0,0.9629884818927053
552,33201,99,42.0,1252.0,0.8987796123474515,1393.0,0.07106963388370424
553,33202,63,43.0,2333.0,0.956539565395654,2439.0,0.025830258302583026
554,33300,132,184.0,216.0,0.40601503759398494,532.0,0.24812030075187969
555,33400,56,45.0,81.0,0.44505494505494503,182.0,0.3076923076923077
556,33401,29,21.0,43.0,0.46236559139784944,93.0,0.3118279569892473
557,33402,159,109.0,102.0,0.2756756756756757,370.0,0.4297297297297297
558,33500,167,977.0,237.0,0.1716147719044171,1381.0,0.12092686459087618
559,33600,52,49.0,504.0,0.8330578512396695,605.0,0.0859504132231405
560,33700,4659,521.0,8778.0,0.6288866599799399,13958.0,0.33378707551225106
561,33800,46,19.0,680.0,0.912751677852349,745.0,0.06174496644295302
562,33900,2650,439.0,5997.0,0.6600264142637025,9086.0,0.2916574950473256
563,34000,43,41.0,674.0,0.8891820580474934,758.0,0.05672823218997362
564,34100,838,938.0,2206.0,0.5539929683576093,3982.0,0.21044701155198392
565,34200,44,39.0,1041.0,0.9261565836298933,1124.0,0.03914590747330961
566,34300,750,892.0,2059.0,0.5563361253715212,3701.0,0.2026479329910835
567,34400,21,19.0,304.0,0.8837209302325582,344.0,0.061046511627906974
568,34500,407,440.0,1137.0,0.5730846774193549,1984.0,0.20514112903225806
569,34700,6143,1421.0,3431.0,0.31205093224192815,10995.0,0.5587085038653934
570,34800,100,54.0,466.0,0.7516129032258064,620.0,0.16129032258064516
571,34900,512,252.0,1420.0,0.6501831501831502,2184.0,0.23443223443223443
572,35000,206,276.0,2389.0,0.8321142459073494,2871.0,0.07175200278648554
573,35100,2979,2059.0,5046.0,0.5003966679888933,10084.0,0.2954184847282824
574,35200,74,107.0,173.0,0.4887005649717514,354.0,0.20903954802259886
575,35300,2351,572.0,4698.0,0.616454533525784,7621.0,0.3084896995144994
576,35400,62,79.0,83.0,0.3705357142857143,224.0,0.2767857142857143
577,35500,351,299.0,570.0,0.4672131147540984,1220.0,0.28770491803278686
578,35600,150,27.0,891.0,0.8342696629213483,1068.0,0.1404494382022472
579,35601,72,79.0,77.0,0.33771929824561403,228.0,0.3157894736842105
580,35602,64,60.0,24.0,0.16216216216216217,148.0,0.43243243243243246
581,35700,227037,17515.0,1289.0,0.005243226312942105,245841.0,0.9235115379452573
582,35800,53,106.0,97.0,0.37890625,256.0,0.20703125
583,35900,243,291.0,1963.0,0.7861433720464558,2497.0,0.09731678013616339
584,36000,24,7.0,238.0,0.8847583643122676,269.0,0.08921933085501858
585,36001,46,82.0,42.0,0.24705882352941178,170.0,0.27058823529411763
586,36002,119,108.0,72.0,0.2408026755852843,299.0,0.3979933110367893
587,36100,1309,266.0,5955.0,0.7908366533864541,7530.0,0.1738379814077025
588,36200,40,12.0,59.0,0.5315315315315315,111.0,0.36036036036036034
589,36300,275,120.0,2525.0,0.8647260273972602,2920.0,0.09417808219178082
590,36400,94,163.0,785.0,0.753358925143954,1042.0,0.09021113243761997
591,36500,850,47.0,1584.0,0.6384522370012092,2481.0,0.34260378879484077
592,36501,303,130.0,2432.0,0.8488656195462478,2865.0,0.10575916230366492
593,36502,178,94.0,2755.0,0.9101420548397754,3027.0,0.05880409646514701
594,36600,114,94.0,150.0,0.41899441340782123,358.0,0.31843575418994413
595,36700,780,509.0,2385.0,0.6491562329885683,3674.0,0.21230266739248776
596,36800,55,52.0,1110.0,0.9120788824979458,1217.0,0.04519309778142974
597,36900,225,199.0,1471.0,0.7762532981530343,1895.0,0.11873350923482849
598,36901,46,30.0,3565.0,0.9791266135677011,3641.0,0.012633891787970338
599,36902,34,22.0,576.0,0.9113924050632911,632.0,0.05379746835443038
600,37000,89,38.0,667.0,0.8400503778337531,794.0,0.11209068010075567
601,37100,551258,26361.0,2613.0,0.004503371065366957,580232.0,0.9500648016655406
602,37200,12,12.0,72.0,0.75,96.0,0.125
603,37300,1866,419.0,4564.0,0.6663746532340488,6849.0,0.2724485326325011
604,37400,23,23.0,500.0,0.9157509157509157,546.0,0.04212454212454213
605,37401,126,76.0,1830.0,0.9005905511811023,2032.0,0.06200787401574803
606,37402,26,38.0,34.0,0.3469387755102041,98.0,0.2653061224489796
607,37500,1515,688.0,12237.0,0.8474376731301939,14440.0,0.1049168975069252
608,37504,52,61.0,2539.0,0.9573906485671192,2652.0,0.0196078431372549
609,37600,36,46.0,183.0,0.690566037735849,265.0,0.13584905660377358
610,37700,1469,620.0,4214.0,0.6685705219736633,6303.0,0.23306362049817547
611,37800,101,12.0,1917.0,0.9443349753694581,2030.0,0.04975369458128079
612,37900,908,553.0,6727.0,0.8215681485100147,8188.0,0.11089399120664387
613,38000,41,31.0,381.0,0.8410596026490066,453.0,0.09050772626931568
614,38100,844,481.0,3614.0,0.7317270702571371,4939.0,0.1708847944928123
615,38200,17,69.0,157.0,0.6460905349794238,243.0,0.06995884773662552
616,38300,379,577.0,1190.0,0.554520037278658,2146.0,0.1766076421248835
617,38301,1129,1522.0,14047.0,0.8412384716732543,16698.0,0.06761288777099053
618,38302,1912,276.0,2342.0,0.5169977924944812,4530.0,0.422075055187638
619,38400,25,24.0,42.0,0.46153846153846156,91.0,0.27472527472527475
620,38500,366,282.0,3466.0,0.8424890617403986,4114.0,0.08896451142440447
621,38501,30,80.0,28.0,0.2028985507246377,138.0,0.21739130434782608
622,38502,49,9.0,12.0,0.17142857142857143,70.0,0.7
623,38600,65,47.0,530.0,0.8255451713395638,642.0,0.10124610591900311
624,38700,1384,1004.0,11680.0,0.8302530565823145,14068.0,0.09837930054023315
625,38800,26,33.0,96.0,0.6193548387096774,155.0,0.16774193548387098
626,38900,4258,1262.0,8855.0,0.616,14375.0,0.2962086956521739
627,39000,58,69.0,108.0,0.4595744680851064,235.0,0.24680851063829787
628,39100,4230,1327.0,5363.0,0.4911172161172161,10920.0,0.3873626373626374
629,39200,71,58.0,663.0,0.8371212121212122,792.0,0.08964646464646464
630,39300,5558,1774.0,9720.0,0.5700211118930331,17052.0,0.32594417077175697
631,39400,101,152.0,584.0,0.6977299880525687,837.0,0.12066905615292713
632,39500,1780,738.0,6523.0,0.7214909855104524,9041.0,0.196880876009291
633,39600,54,458.0,127.0,0.19874804381846636,639.0,0.08450704225352113
634,39700,1004,1240.0,2098.0,0.4831874712114233,4342.0,0.23122984799631507
635,39800,54,106.0,282.0,0.6380090497737556,442.0,0.12217194570135746
636,39900,1963,1193.0,7568.0,0.7057068258112644,10724.0,0.183047370384185
637,39901,201,98.0,13235.0,0.9779074922417615,13534.0,0.01485148514851485
638,39902,88,68.0,5060.0,0.9700920245398773,5216.0,0.01687116564417178
639,40000,30,58.0,48.0,0.35294117647058826,136.0,0.22058823529411764
640,40100,1028,476.0,10586.0,0.8755996691480562,12090.0,0.08502894954507857
641,40200,57,160.0,66.0,0.2332155477031802,283.0,0.20141342756183744
642,40300,756,349.0,8077.0,0.8796558483990417,9182.0,0.08233500326726204
643,40302,47,39.0,2937.0,0.9715514389679126,3023.0,0.015547469401257029
644,40303,47,31.0,986.0,0.9266917293233082,1064.0,0.044172932330827065
645,40304,122,50.0,9163.0,0.9815747188002143,9335.0,0.013069094804499196
646,40400,58,94.0,106.0,0.4108527131782946,258.0,0.2248062015503876
647,40500,493,192.0,14556.0,0.9550554425562627,15241.0,0.032346958860967126
648,40501,22,25.0,329.0,0.875,376.0,0.05851063829787234
649,40502,66,67.0,2203.0,0.9430650684931506,2336.0,0.028253424657534245
650,40600,18,29.0,112.0,0.7044025157232704,159.0,0.11320754716981132
651,40700,207,126.0,3694.0,0.917308169853489,4027.0,0.0514030295505339
652,40701,138,87.0,7034.0,0.9690039950406392,7259.0,0.019010883041741287
653,40702,51,9.0,1717.0,0.9662352279122116,1777.0,0.028700056274620148
654,40800,27,24.0,394.0,0.8853932584269663,445.0,0.060674157303370786
655,40900,745,288.0,20529.0,0.9520916427047583,21562.0,0.034551525832483075
656,40901,52,40.0,39.0,0.29770992366412213,131.0,0.3969465648854962
657,40902,93,66.0,42.0,0.208955223880597,201.0,0.4626865671641791
658,41000,14,43.0,6.0,0.09523809523809523,63.0,0.2222222222222222
659,41100,431,412.0,7366.0,0.8973078328663662,8209.0,0.05250334998172737
660,41200,41,76.0,48.0,0.2909090909090909,165.0,0.24848484848484848
661,41300,268,284.0,2436.0,0.8152610441767069,2988.0,0.08969210174029452
662,41400,165,423.0,386.0,0.39630390143737165,974.0,0.16940451745379878
663,41401,31,373.0,42.0,0.09417040358744394,446.0,0.06950672645739911
664,41402,41,276.0,42.0,0.116991643454039,359.0,0.11420612813370473
665,41500,454,548.0,4910.0,0.8305142083897158,5912.0,0.07679296346414073
666,41600,46,87.0,32.0,0.19393939393939394,165.0,0.2787878787878788
667,41700,229,225.0,312.0,0.4073107049608355,766.0,0.2989556135770235
668,41800,118,90.0,179.0,0.4625322997416021,387.0,0.3049095607235142
669,41900,342,562.0,3174.0,0.7783227072094164,4078.0,0.08386463952918097
670,42000,217,167.0,1253.0,0.7654245571166769,1637.0,0.1325595601710446
671,42100,1396,938.0,14453.0,0.8609638410674927,16787.0,0.08315958777625544
672,42200,102,159.0,132.0,0.33587786259541985,393.0,0.2595419847328244
673,42300,3676,874.0,8713.0,0.6569403604011159,13263.0,0.27716202970670284
674,42400,58,60.0,166.0,0.5845070422535211,284.0,0.20422535211267606
675,42500,6998,2465.0,10239.0,0.5196934321388692,19702.0,0.35519236625723277
676,42600,44,106.0,51.0,0.2537313432835821,201.0,0.21890547263681592
677,42700,4884,2044.0,6583.0,0.4872326252682999,13511.0,0.36148323588187403
678,42800,34,26.0,30.0,0.3333333333333333,90.0,0.37777777777777777
679,42900,1720,1041.0,1978.0,0.4173876345220511,4739.0,0.36294576914960963
680,42901,34,6.0,258.0,0.8657718120805369,298.0,0.11409395973154363
681,42902,91,57.0,2469.0,0.9434466946885747,2617.0,0.03477264042797096
682,43000,81,34.0,87.0,0.4306930693069307,202.0,0.400990099009901
683,43100,1558,1037.0,3937.0,0.6027250459277403,6532.0,0.23851806491120636
684,43200,176,68.0,95.0,0.28023598820059,339.0,0.5191740412979351
685,43300,606,426.0,526.0,0.337612323491656,1558.0,0.3889602053915276
686,43400,66,81.0,348.0,0.703030303030303,495.0,0.13333333333333333
687,43500,328,398.0,526.0,0.42012779552715657,1252.0,0.26198083067092653
688,43600,52,4.0,106.0,0.654320987654321,162.0,0.32098765432098764
689,43700,377,607.0,759.0,0.4354561101549053,1743.0,0.21629374641422836
690,43701,1166,110.0,1498.0,0.5400144196106705,2774.0,0.42033165104542175
691,43702,523,52.0,914.0,0.6138347884486233,1489.0,0.35124244459368703
692,43800,87,116.0,53.0,0.20703125,256.0,0.33984375
693,43900,953,329.0,2437.0,0.6552836784081743,3719.0,0.25625168055929015
694,44000,53,148.0,85.0,0.2972027972027972,286.0,0.1853146853146853
695,44100,825,501.0,1074.0,0.4475,2400.0,0.34375
696,44200,703,2519.0,499.0,0.13410373555495833,3721.0,0.1889277076054824
697,44300,589,677.0,1111.0,0.4673958771560791,2377.0,0.2477913336137989
698,44301,89,6.0,979.0,0.9115456238361266,1074.0,0.08286778398510242
699,44302,143,17.0,1783.0,0.9176531137416366,1943.0,0.07359752959341224
700,44400,235,161.0,156.0,0.2826086956521739,552.0,0.4257246376811594
701,44500,1172,581.0,1262.0,0.4185737976782753,3015.0,0.38872305140961855
702,44600,475,16.0,24.0,0.04660194174757282,515.0,0.9223300970873787
703,44601,90,122.0,4032.0,0.9500471253534402,4244.0,0.02120640904806786
704,44602,382,130.0,726.0,0.5864297253634895,1238.0,0.308562197092084
705,44700,5786,2709.0,6433.0,0.4309351554126474,14928.0,0.38759378349410506
706,44800,720,90.0,133.0,0.14103923647932132,943.0,0.7635206786850477
707,44900,1367,458.0,975.0,0.3482142857142857,2800.0,0.4882142857142857
708,44901,147,13.0,94.0,0.3700787401574803,254.0,0.5787401574803149
709,44902,197,113.0,173.0,0.3581780538302277,483.0,0.4078674948240166
710,45000,629,144.0,3514.0,0.8196874271052018,4287.0,0.14672264987170516
711,45101,100,75.0,259.0,0.5967741935483871,434.0,0.2304147465437788
712,45102,154,138.0,346.0,0.542319749216301,638.0,0.2413793103448276
713,45200,114,249.0,115.0,0.2405857740585774,478.0,0.2384937238493724
714,45300,4015,1900.0,3613.0,0.37919815281276237,9528.0,0.4213895885810244
715,45400,414,123.0,240.0,0.3088803088803089,777.0,0.5328185328185329
716,45500,712,157.0,4506.0,0.8383255813953489,5375.0,0.13246511627906976
717,45600,961,1781.0,655.0,0.19281719163968208,3397.0,0.2828966735354725
718,45700,59,51.0,593.0,0.8435277382645804,703.0,0.08392603129445235
719,45800,420,559.0,343.0,0.2594553706505295,1322.0,0.3177004538577912
720,45900,98,65.0,538.0,0.7674750356633381,701.0,0.1398002853067047
721,46000,1183,295.0,2774.0,0.6523988711194731,4252.0,0.2782220131702728
722,46100,159,5.0,2126.0,0.9283842794759826,2290.0,0.06943231441048035
723,46200,265,75.0,317.0,0.4824961948249619,657.0,0.4033485540334855
724,46201,281,214.0,624.0,0.5576407506702413,1119.0,0.2511170688114388
725,46202,220,73.0,346.0,0.5414710485133021,639.0,0.3442879499217527
726,46300,67,17.0,276.0,0.7666666666666667,360.0,0.18611111111111112
727,46400,147,113.0,180.0,0.4090909090909091,440.0,0.3340909090909091
728,46500,540,26.0,13742.0,0.9604417109309478,14308.0,0.03774112384679899
729,46600,172,178.0,552.0,0.6119733924611973,902.0,0.19068736141906872
730,46700,702,163.0,10942.0,0.926738375539934,11807.0,0.05945625476412298
731,46800,90,72.0,505.0,0.7571214392803598,667.0,0.13493253373313344
732,46900,1178,22.0,18507.0,0.9391079311919622,19707.0,0.05977571421322373
733,47000,51,40.0,215.0,0.7026143790849673,306.0,0.16666666666666666
734,47100,934,173.0,5920.0,0.8424647787106874,7027.0,0.13291589583036859
735,47200,89,171.0,138.0,0.34673366834170855,398.0,0.2236180904522613
736,47300,4199,165.0,13605.0,0.7571372920028939,17969.0,0.2336802270577105
737,47400,31,12.0,7.0,0.14,50.0,0.62
738,47500,1827,187.0,20032.0,0.9086455592851311,22046.0,0.08287217635852309
739,47600,93,92.0,56.0,0.23236514522821577,241.0,0.38589211618257263
740,47700,3635,2777.0,4302.0,0.40153070748553293,10714.0,0.3392757140190405
741,47800,274,84.0,312.0,0.46567164179104475,670.0,0.408955223880597
742,47900,1139,143.0,1763.0,0.5789819376026273,3045.0,0.37405582922824304
743,48000,459,65.0,425.0,0.44783983140147526,949.0,0.48366701791359323
744,48100,7200,3088.0,12986.0,0.5579616739709548,23274.0,0.30935808197989173
745,48200,333,108.0,246.0,0.35807860262008734,687.0,0.4847161572052402
746,48300,3129,204.0,3275.0,0.49561138014527845,6608.0,0.4735169491525424
747,48400,586,145.0,598.0,0.44996237772761477,1329.0,0.44093303235515424
748,48500,7471,3954.0,9725.0,0.4598108747044917,21150.0,0.3532387706855792
749,48600,288,44.0,170.0,0.3386454183266932,502.0,0.5737051792828686
750,48800,325,172.0,313.0,0.38641975308641974,810.0,0.4012345679012346
751,48900,4722,627.0,4462.0,0.4547956375496891,9811.0,0.48129650392416673
752,49000,881,213.0,285.0,0.20667150108774474,1379.0,0.6388687454677302
753,49100,2863,1421.0,3409.0,0.44313011828935395,7693.0,0.3721565059144677
754,49200,1920,387.0,1749.0,0.4312130177514793,4056.0,0.47337278106508873
755,49300,13159,2000.0,8559.0,0.36086516569693905,23718.0,0.5548106923012058
756,49301,191,72.0,778.0,0.7473583093179635,1041.0,0.1834774255523535
757,49302,563,120.0,1064.0,0.6090440755580996,1747.0,0.3222667429879794
758,49400,2293,481.0,516.0,0.15683890577507598,3290.0,0.6969604863221884
759,49500,16498,2620.0,12269.0,0.3908943193041705,31387.0,0.5256316309300029
760,49600,1379,246.0,1144.0,0.4131455399061033,2769.0,0.49801372336583605
761,49700,13339,2444.0,15333.0,0.4927689934438874,31116.0,0.4286862064532716
762,49800,231,161.0,169.0,0.30124777183600715,561.0,0.4117647058823529
763,49900,7902,1834.0,6797.0,0.4111171596201536,16533.0,0.4779531845400109
764,50000,868,551.0,597.0,0.2961309523809524,2016.0,0.4305555555555556
765,50100,28674,3403.0,25841.0,0.44616526813771196,57918.0,0.4950792499741013
766,50200,560,260.0,359.0,0.3044953350296862,1179.0,0.47497879558948264
767,50201,13,28.0,38.0,0.4810126582278481,79.0,0.16455696202531644
768,50202,779,677.0,906.0,0.3835732430143946,2362.0,0.329805249788315
769,50300,19580,3054.0,12679.0,0.35904624359301107,35313.0,0.554470025203183
770,50400,2357,3934.0,1634.0,0.20618296529968455,7925.0,0.2974132492113565
771,50500,4150,1743.0,4311.0,0.4224813798510388,10204.0,0.406703253626029
772,50600,499,402.0,672.0,0.42720915448188174,1573.0,0.3172282263191354
773,50700,2115,519.0,1725.0,0.395732966276669,4359.0,0.48520302821748107
774,50701,13,14.0,18.0,0.4,45.0,0.28888888888888886
775,50702,328,755.0,114.0,0.09523809523809523,1197.0,0.27401837928153716
776,50800,5,35.0,12.0,0.23076923076923078,52.0,0.09615384615384616
777,50801,1244,234.0,1938.0,0.5673302107728337,3416.0,0.36416861826697894
778,50803,2328,353.0,3104.0,0.5365600691443388,5785.0,0.4024200518582541
779,50804,689,570.0,990.0,0.44019564250778126,2249.0,0.3063583815028902
780,50900,3286,399.0,2594.0,0.4131231087752827,6279.0,0.5233317407230451
781,51000,22,12.0,18.0,0.34615384615384615,52.0,0.4230769230769231
782,51001,797,319.0,1450.0,0.5650818394388153,2566.0,0.31060015588464535
783,51002,643,262.0,1284.0,0.5865692096847875,2189.0,0.29374143444495204
784,51100,4402,2848.0,5507.0,0.43168456533667793,12757.0,0.3450654542604061
785,51200,487,278.0,803.0,0.5121173469387755,1568.0,0.31058673469387754
786,51300,36936,4322.0,32514.0,0.44073632272406876,73772.0,0.500677763921271
787,51400,403,331.0,614.0,0.45548961424332346,1348.0,0.29896142433234424
788,51500,6349,3164.0,8945.0,0.4846137176292123,18458.0,0.34397009426806807
789,51600,160,98.0,260.0,0.5019305019305019,518.0,0.3088803088803089
790,51601,232,252.0,312.0,0.39195979899497485,796.0,0.2914572864321608
791,51602,526,84.0,758.0,0.554093567251462,1368.0,0.3845029239766082
792,51700,30848,8268.0,53637.0,0.578277791553912,92753.0,0.3325822345368883
793,51800,213,105.0,332.0,0.5107692307692308,650.0,0.32769230769230767
794,51900,45465,5804.0,43339.0,0.45809022492812446,94608.0,0.4805618975139523
795,52000,330,325.0,543.0,0.4532554257095159,1198.0,0.27545909849749584
796,52100,305,119.0,599.0,0.5855327468230694,1023.0,0.2981427174975562
797,52200,507,236.0,528.0,0.4154209284028324,1271.0,0.3988985051140834
798,52300,72946,6593.0,24198.0,0.23326296307007144,103737.0,0.7031820854661307
799,52400,2,21.0,24.0,0.5106382978723404,47.0,0.0425531914893617
800,52500,22787,2929.0,21482.0,0.4551464045086656,47198.0,0.482795881181406
801,52600,901,237.0,740.0,0.39403620873269435,1878.0,0.47976570820021297
802,52700,7907,1783.0,5476.0,0.36107081629961757,15166.0,0.5213635764209416
803,52800,114,148.0,261.0,0.49904397705544934,523.0,0.2179732313575526
804,52900,4738,430.0,2807.0,0.35197492163009403,7975.0,0.5941065830721003
805,52901,34,55.0,34.0,0.2764227642276423,123.0,0.2764227642276423
806,52902,35,70.0,26.0,0.1984732824427481,131.0,0.26717557251908397
807,53000,79,105.0,214.0,0.5376884422110553,398.0,0.1984924623115578
808,53100,1461,729.0,1434.0,0.3956953642384106,3624.0,0.4031456953642384
809,53200,204,284.0,174.0,0.2628398791540785,662.0,0.3081570996978852
810,53300,462,127.0,344.0,0.3687031082529475,933.0,0.49517684887459806
811,53400,203,100.0,137.0,0.31136363636363634,440.0,0.46136363636363636
812,53401,9,28.0,58.0,0.6105263157894737,95.0,0.09473684210526316
813,53500,1402,1048.0,1475.0,0.37579617834394907,3925.0,0.3571974522292994
814,53601,4,29.0,20.0,0.37735849056603776,53.0,0.07547169811320754
815,53700,1961,375.0,1982.0,0.4590088003705419,4318.0,0.4541454377026401
816,53800,78,150.0,48.0,0.17391304347826086,276.0,0.2826086956521739
817,53900,939,295.0,1176.0,0.4879668049792531,2410.0,0.3896265560165975
818,54000,50,21.0,49.0,0.4083333333333333,120.0,0.4166666666666667
819,54200,233,167.0,186.0,0.3174061433447099,586.0,0.39761092150170646
820,54300,860,946.0,2045.0,0.5310309010646586,3851.0,0.2233186185406388
821,54400,24,100.0,17.0,0.12056737588652482,141.0,0.1702127659574468
822,54500,658,479.0,1170.0,0.5071521456436932,2307.0,0.28521889900303427
823,54600,109,86.0,85.0,0.30357142857142855,280.0,0.3892857142857143
824,54700,2697,1828.0,4663.0,0.5075097953852852,9188.0,0.293535045711798
825,54800,110,99.0,86.0,0.29152542372881357,295.0,0.3728813559322034
826,54900,36076,8314.0,54544.0,0.55131703964259,98934.0,0.3646471384963713
827,55000,47,118.0,42.0,0.2028985507246377,207.0,0.22705314009661837
828,55100,33697,8051.0,53474.0,0.5615719056520552,95222.0,0.35387830543361826
829,55101,465,950.0,164.0,0.103863204559848,1579.0,0.29449018366054464
830,55102,34,62.0,8.0,0.07692307692307693,104.0,0.3269230769230769
831,55200,211,200.0,434.0,0.5136094674556213,845.0,0.24970414201183433
832,55300,81058,8314.0,152964.0,0.6312062590783045,242336.0,0.3344860029050574
833,55400,274,162.0,370.0,0.45905707196029777,806.0,0.3399503722084367
834,55500,30557,12856.0,41925.0,0.4912817267805667,85338.0,0.35807026178255874
835,55600,164,95.0,64.0,0.19814241486068113,323.0,0.5077399380804953
836,55700,43545,9382.0,87343.0,0.6226776930206032,140270.0,0.3104370143295074
837,55800,50,55.0,24.0,0.18604651162790697,129.0,0.3875968992248062
838,55900,70,84.0,174.0,0.5304878048780488,328.0,0.21341463414634146
839,56000,69,96.0,52.0,0.23963133640552994,217.0,0.31797235023041476
840,56100,6434,3260.0,11769.0,0.5483390020034478,21463.0,0.2997717001351162
841,56200,47,45.0,24.0,0.20689655172413793,116.0,0.4051724137931034
842,56300,3864,3007.0,7352.0,0.5169092315264009,14223.0,0.2716726429023413
843,56400,74,110.0,108.0,0.3698630136986301,292.0,0.2534246575342466
844,56500,9605,4744.0,19623.0,0.5776227481455316,33972.0,0.2827328388084305
845,56600,40,42.0,119.0,0.5920398009950248,201.0,0.19900497512437812
846,56700,110,40.0,83.0,0.3562231759656652,233.0,0.4721030042918455
847,56800,117,63.0,115.0,0.3898305084745763,295.0,0.39661016949152544
848,56900,32173,3719.0,50831.0,0.5861305536016974,86723.0,0.3709857823184161
849,57000,19,90.0,67.0,0.3806818181818182,176.0,0.10795454545454546
850,57100,7967,2368.0,7189.0,0.4102373887240356,17524.0,0.45463364528646427
851,57101,175,51.0,89.0,0.28253968253968254,315.0,0.5555555555555556
852,57102,199,24.0,58.0,0.20640569395017794,281.0,0.708185053380783
853,57200,14,46.0,191.0,0.7609561752988048,251.0,0.055776892430278883
854,57300,5280,2696.0,6103.0,0.4334824916542368,14079.0,0.37502663541444703
855,57400,12,44.0,36.0,0.391304347826087,92.0,0.13043478260869565
856,57500,25561,3533.0,37421.0,0.562594903405247,66515.0,0.38428925806209124
857,57600,25,42.0,18.0,0.21176470588235294,85.0,0.29411764705882354
858,57700,80,54.0,198.0,0.5963855421686747,332.0,0.24096385542168675
859,57800,59,61.0,107.0,0.4713656387665198,227.0,0.2599118942731278
860,57900,1618,584.0,564.0,0.2039045553145336,2766.0,0.5849602313810557
861,57901,2198,4598.0,304.0,0.0428169014084507,7100.0,0.3095774647887324
862,57902,46,27.0,24.0,0.24742268041237114,97.0,0.4742268041237113
863,57903,627,1018.0,224.0,0.1198501872659176,1869.0,0.33547351524879615
864,58000,177,119.0,120.0,0.28846153846153844,416.0,0.4254807692307692
865,58100,201,188.0,164.0,0.2965641952983725,553.0,0.36347197106690776
866,58200,192,81.0,178.0,0.3946784922394678,451.0,0.42572062084257206
867,58300,168,116.0,144.0,0.3364485981308411,428.0,0.3925233644859813
868,58400,61,55.0,70.0,0.3763440860215054,186.0,0.3279569892473118
869,58500,263,68.0,308.0,0.48200312989045385,639.0,0.41158059467918623
870,58600,17,22.0,24.0,0.38095238095238093,63.0,0.2698412698412698
871,58700,288,34.0,229.0,0.41560798548094374,551.0,0.5226860254083484
872,58800,95,94.0,201.0,0.5153846153846153,390.0,0.24358974358974358
873,58900,1239,772.0,1807.0,0.4732844421162912,3818.0,0.32451545311681507
874,59000,29,55.0,1649.0,0.9515291402192729,1733.0,0.01673398730525101
875,59100,5664,2413.0,6476.0,0.44499415927987357,14553.0,0.3891981034838178
876,59200,161,226.0,168.0,0.3027027027027027,555.0,0.29009009009009007
877,59300,2578,1538.0,3129.0,0.4318840579710145,7245.0,0.35583160800552105
878,59400,13,11.0,,,,
879,59401,18,57.0,83.0,0.5253164556962026,158.0,0.11392405063291139
880,59402,41,58.0,177.0,0.6413043478260869,276.0,0.14855072463768115
881,59500,529,209.0,591.0,0.44469525959367945,1329.0,0.3980436418359669
882,59600,29,62.0,187.0,0.6726618705035972,278.0,0.10431654676258993
883,59800,37,27.0,147.0,0.6966824644549763,211.0,0.17535545023696683
884,59900,87,38.0,72.0,0.36548223350253806,197.0,0.4416243654822335
885,60000,111,134.0,301.0,0.5512820512820513,546.0,0.2032967032967033
886,60100,175,52.0,266.0,0.539553752535497,493.0,0.35496957403651114
887,60300,233,105.0,365.0,0.519203413940256,703.0,0.3314366998577525
888,60600,88,67.0,29574.0,0.9947862356621481,29729.0,0.002960072656328837
889,60701,15,10.0,26.0,0.5098039215686274,51.0,0.29411764705882354
890,60800,129,126.0,569.0,0.6905339805825242,824.0,0.15655339805825244
891,61000,7,14.0,,,,
892,61002,22,55.0,12.0,0.1348314606741573,89.0,0.24719101123595505
893,61003,180,64.0,156.0,0.39,400.0,0.45
894,61004,75,123.0,143.0,0.41935483870967744,341.0,0.21994134897360704
895,61200,129,107.0,48.0,0.16901408450704225,284.0,0.45422535211267606
896,61301,112,122.0,279.0,0.543859649122807,513.0,0.21832358674463936
897,61302,4,,,,,
898,61400,141,34.0,18.0,0.09326424870466321,193.0,0.7305699481865285
899,61600,22,25.0,106.0,0.6928104575163399,153.0,0.1437908496732026
900,61601,14,10.0,12.0,0.3333333333333333,36.0,0.3888888888888889
901,61602,190,243.0,48.0,0.0997920997920998,481.0,0.39501039501039503
902,61700,93,52.0,47.0,0.24479166666666666,192.0,0.484375
903,61800,47,8.0,24.0,0.3037974683544304,79.0,0.5949367088607594
904,61900,69,55.0,145.0,0.5390334572490706,269.0,0.25650557620817843
905,62000,22,54.0,30.0,0.2830188679245283,106.0,0.20754716981132076
906,62100,292,147.0,416.0,0.4865497076023392,855.0,0.34152046783625734
907,62200,391,259.0,432.0,0.39926062846580407,1082.0,0.3613678373382625
908,62300,31,4.0,82.0,0.7008547008547008,117.0,0.26495726495726496
909,62400,1,5.0,,,,
910,62500,15,1.0,24.0,0.6,40.0,0.375
911,62600,38,27.0,73.0,0.5289855072463768,138.0,0.2753623188405797
912,62700,26,29.0,42.0,0.4329896907216495,97.0,0.26804123711340205
913,62800,44,66.0,326.0,0.7477064220183486,436.0,0.10091743119266056
914,62900,71,92.0,145.0,0.4707792207792208,308.0,0.2305194805194805
915,63000,14,24.0,18.0,0.32142857142857145,56.0,0.25
916,63200,20,97.0,18.0,0.13333333333333333,135.0,0.14814814814814814
917,63301,23,18.0,36.0,0.4675324675324675,77.0,0.2987012987012987
918,63302,18,87.0,48.0,0.3137254901960784,153.0,0.11764705882352941
919,63500,53,57.0,132.0,0.5454545454545454,242.0,0.2190082644628099
920,63600,4,14.0,,,,
921,63700,193,66.0,380.0,0.594679186228482,639.0,0.30203442879499215
922,63800,85,81.0,95.0,0.36398467432950193,261.0,0.32567049808429116
923,63900,211,64.0,280.0,0.5045045045045045,555.0,0.3801801801801802
924,64000,6,10.0,12.0,0.42857142857142855,28.0,0.21428571428571427
925,64101,187,16.0,127.0,0.38484848484848483,330.0,0.5666666666666667
926,64102,237,19.0,457.0,0.6409537166900421,713.0,0.332398316970547
927,64200,35,86.0,30.0,0.1986754966887417,151.0,0.23178807947019867
928,64400,28,28.0,30.0,0.3488372093023256,86.0,0.32558139534883723
929,64500,133,84.0,926.0,0.8101487314085739,1143.0,0.1163604549431321
930,64600,10,72.0,7.0,0.07865168539325842,89.0,0.11235955056179775
931,64800,14,38.0,12.0,0.1875,64.0,0.21875
932,65000,102,50.0,138.0,0.47586206896551725,290.0,0.35172413793103446
933,65200,84,81.0,161.0,0.4938650306748466,326.0,0.25766871165644173
934,65400,90,65.0,16.0,0.0935672514619883,171.0,0.5263157894736842
935,65501,13,4.0,36.0,0.6792452830188679,53.0,0.24528301886792453
936,65600,598,828.0,187.0,0.11593304401735896,1613.0,0.3707377557346559
937,65702,100,90.0,145.0,0.43283582089552236,335.0,0.29850746268656714
938,65703,69,74.0,272.0,0.655421686746988,415.0,0.16626506024096385
939,65800,5,18.0,6.0,0.20689655172413793,29.0,0.1724137931034483
940,65900,16,41.0,18.0,0.24,75.0,0.21333333333333335
941,66000,34,83.0,35.0,0.23026315789473684,152.0,0.2236842105263158
942,66100,17,58.0,37.0,0.33035714285714285,112.0,0.15178571428571427
943,66200,70,47.0,119.0,0.5042372881355932,236.0,0.2966101694915254
944,66300,47,56.0,48.0,0.31788079470198677,151.0,0.31125827814569534
945,66400,215,219.0,66.0,0.132,500.0,0.43
946,66501,53,109.0,51.0,0.23943661971830985,213.0,0.24882629107981222
947,66600,55,5.0,18.0,0.23076923076923078,78.0,0.7051282051282052
948,66701,119,58.0,160.0,0.47477744807121663,337.0,0.35311572700296734
949,66900,74,82.0,82.0,0.3445378151260504,238.0,0.31092436974789917
950,67000,44,79.0,172.0,0.5830508474576271,295.0,0.14915254237288136
951,67100,71,51.0,233.0,0.6563380281690141,355.0,0.2
952,67200,19,27.0,12.0,0.20689655172413793,58.0,0.3275862068965517
953,67400,34,103.0,48.0,0.2594594594594595,185.0,0.1837837837837838
954,67600,35,78.0,202.0,0.6412698412698413,315.0,0.1111111111111111
955,67700,34,117.0,103.0,0.40551181102362205,254.0,0.13385826771653545
956,67800,15,55.0,12.0,0.14634146341463414,82.0,0.18292682926829268
957,67900,761,139.0,1047.0,0.5377503852080123,1947.0,0.3908577298407807
958,68000,52,26.0,26.0,0.25,104.0,0.5
959,68200,76,97.0,51.0,0.22767857142857142,224.0,0.3392857142857143
960,68300,4648,218.0,79476.0,0.9423063242512627,84342.0,0.055108961134428876
961,68600,23,54.0,18.0,0.18947368421052632,95.0,0.24210526315789474
962,68700,1336,95.0,1269.0,0.47,2700.0,0.4948148148148148
963,68800,22,60.0,24.0,0.22641509433962265,106.0,0.20754716981132076
964,69000,105,83.0,84.0,0.3088235294117647,272.0,0.3860294117647059
965,69200,30,197.0,25.0,0.0992063492063492,252.0,0.11904761904761904
966,69300,3974,317.0,24687.0,0.8519221478362896,28978.0,0.13713851887638898
967,69400,99,49.0,12.0,0.075,160.0,0.61875
968,69500,77,73.0,137.0,0.47735191637630664,287.0,0.2682926829268293
969,69601,26,110.0,66.0,0.32673267326732675,202.0,0.12871287128712872
970,69602,7,52.0,13.0,0.18055555555555555,72.0,0.09722222222222222
971,69701,457,137.0,1200.0,0.6688963210702341,1794.0,0.2547380156075808
972,69702,318,76.0,370.0,0.48429319371727747,764.0,0.4162303664921466
973,69800,28,70.0,52.0,0.3466666666666667,150.0,0.18666666666666668
974,70000,17,15.0,,,,
975,70201,50,112.0,36.0,0.18181818181818182,198.0,0.25252525252525254
976,70202,38,92.0,42.0,0.2441860465116279,172.0,0.22093023255813954
977,70203,19,,,,,
978,70300,839,57.0,1041.0,0.537429013939081,1937.0,0.4331440371708828
979,70600,72,13.0,22.0,0.205607476635514,107.0,0.6728971962616822
980,70700,78,91.0,472.0,0.7363494539781591,641.0,0.12168486739469579
981,70900,102,103.0,401.0,0.6617161716171617,606.0,0.16831683168316833
982,71100,112,221.0,577.0,0.634065934065934,910.0,0.12307692307692308
983,71303,2222,269.0,3118.0,0.5558923159208415,5609.0,0.3961490461757889
984,71304,1890,308.0,3687.0,0.6265080713678844,5885.0,0.3211554800339847
985,71305,661,264.0,2062.0,0.6903247405423502,2987.0,0.22129226648811517
986,71306,588,239.0,1353.0,0.6206422018348624,2180.0,0.26972477064220185
987,71600,1480344,92505.0,2636.0,0.0016731355741247934,1575485.0,0.9396116116624404
988,71701,1720,141.0,4503.0,0.7075738529226901,6364.0,0.2702702702702703
989,71702,1107,211.0,17287.0,0.9291588282719699,18605.0,0.059500134372480515
990,71900,193,91.0,572.0,0.6682242990654206,856.0,0.22546728971962618
991,72000,53,102.0,81.0,0.3432203389830508,236.0,0.2245762711864407
992,72100,114,72.0,353.0,0.6549165120593692,539.0,0.21150278293135436
993,72200,22,35.0,82.0,0.5899280575539568,139.0,0.15827338129496402
994,72300,52,117.0,216.0,0.561038961038961,385.0,0.13506493506493505
995,72400,61,61.0,106.0,0.4649122807017544,228.0,0.2675438596491228
996,72600,38,148.0,178.0,0.489010989010989,364.0,0.1043956043956044
997,72800,45,36.0,36.0,0.3076923076923077,117.0,0.38461538461538464
998,72900,45,49.0,317.0,0.7712895377128953,411.0,0.10948905109489052
999,73000,31,32.0,38.0,0.37623762376237624,101.0,0.3069306930693069
1000,73100,66,88.0,418.0,0.7307692307692307,572.0,0.11538461538461539
1001,73200,28,18.0,49.0,0.5157894736842106,95.0,0.29473684210526313
1002,73400,28,64.0,60.0,0.39473684210526316,152.0,0.18421052631578946
1003,73600,106,15.0,92.0,0.431924882629108,213.0,0.49765258215962443
1004,73700,1681,517.0,22843.0,0.9122239527175432,25041.0,0.06712990695259774
1005,73800,64,54.0,117.0,0.4978723404255319,235.0,0.2723404255319149
1006,73900,4301,328.0,130187.0,0.9656643128412058,134816.0,0.03190274151436032
1007,74000,200,37.0,204.0,0.46258503401360546,441.0,0.45351473922902497
1008,74100,159,122.0,882.0,0.7583834909716252,1163.0,0.13671539122957868
1009,74200,139,115.0,120.0,0.32085561497326204,374.0,0.3716577540106952
1010,74300,245,114.0,1623.0,0.8188698284561049,1982.0,0.1236125126135217
1011,74400,5,96.0,18.0,0.15126050420168066,119.0,0.04201680672268908
1012,74500,542,91.0,1385.0,0.6863230921704658,2018.0,0.26858275520317143
1013,74600,35,71.0,42.0,0.28378378378378377,148.0,0.23648648648648649
1014,74700,956,35.0,293.0,0.22819314641744548,1284.0,0.7445482866043613
1015,74800,38,62.0,60.0,0.375,160.0,0.2375
1016,74900,44,146.0,144.0,0.4311377245508982,334.0,0.1317365269461078
1017,75000,51,59.0,30.0,0.21428571428571427,140.0,0.36428571428571427
1018,75200,35,105.0,30.0,0.17647058823529413,170.0,0.20588235294117646
1019,75400,14,42.0,45.0,0.44554455445544555,101.0,0.13861386138613863
1020,75600,32,126.0,52.0,0.24761904761904763,210.0,0.1523809523809524
1021,75701,1539,180.0,2269.0,0.5689568706118355,3988.0,0.3859077231695085
1022,75702,878,149.0,667.0,0.3937426210153483,1694.0,0.5182998819362455
1023,75800,38,71.0,18.0,0.14173228346456693,127.0,0.2992125984251969
1024,76000,67,45.0,90.0,0.44554455445544555,202.0,0.3316831683168317
1025,76200,156,113.0,270.0,0.5009276437847866,539.0,0.2894248608534323
1026,76400,133,93.0,189.0,0.45542168674698796,415.0,0.3204819277108434
1027,76600,132,284.0,252.0,0.3772455089820359,668.0,0.19760479041916168
1028,76800,45,66.0,70.0,0.3867403314917127,181.0,0.24861878453038674
1029,76901,925,293.0,2382.0,0.6616666666666666,3600.0,0.2569444444444444
1030,76902,3206,213.0,50868.0,0.9370199126862785,54287.0,0.059056496030357175
1031,77000,459,191.0,533.0,0.45054945054945056,1183.0,0.3879966187658495
1032,77200,109,184.0,133.0,0.31220657276995306,426.0,0.25586854460093894
1033,77300,65,84.0,271.0,0.6452380952380953,420.0,0.15476190476190477
1034,77400,654,361.0,4706.0,0.8225834644292955,5721.0,0.11431567907708443
1035,77500,398,182.0,3123.0,0.8433702403456657,3703.0,0.1074804212800432
1036,77600,23,15.0,60.0,0.6122448979591837,98.0,0.23469387755102042
1037,77902,381,128.0,657.0,0.5634648370497427,1166.0,0.32675814751286447
1038,77903,669,73.0,520.0,0.4120443740095087,1262.0,0.5301109350237718
1039,77904,49,67.0,174.0,0.6,290.0,0.16896551724137931
1040,77905,563,108.0,670.0,0.49962714392244595,1341.0,0.4198359433258762
1041,77906,81,150.0,316.0,0.5776965265082267,547.0,0.1480804387568556
1042,77907,55,119.0,189.0,0.5206611570247934,363.0,0.15151515151515152
1043,77908,117,113.0,611.0,0.7265160523186682,841.0,0.13912009512485138
1044,78000,34,60.0,55.0,0.3691275167785235,149.0,0.22818791946308725
1045,78200,40,35.0,80.0,0.5161290322580645,155.0,0.25806451612903225
1046,78400,51,39.0,67.0,0.4267515923566879,157.0,0.3248407643312102
1047,78600,324,148.0,540.0,0.5335968379446641,1012.0,0.3201581027667984
1048,78800,3905,328.0,506.0,0.10677358092424562,4739.0,0.8240135049588521
1049,79000,600,189.0,838.0,0.5150583896742471,1627.0,0.36877688998156116
1050,79200,9656,890.0,251.0,0.023247198295822915,10797.0,0.8943224969899046
1051,79300,289,36.0,132.0,0.2888402625820569,457.0,0.6323851203501094
1052,79400,128,68.0,282.0,0.5899581589958159,478.0,0.26778242677824265
1053,79601,1486,455.0,2077.0,0.5169238427078149,4018.0,0.36983573917371826
1054,79602,662,322.0,996.0,0.503030303030303,1980.0,0.33434343434343433
1055,79701,209,78.0,363.0,0.5584615384615385,650.0,0.32153846153846155
1056,79702,82,13.0,106.0,0.527363184079602,201.0,0.4079601990049751
1057,79801,1761,383.0,2286.0,0.5160270880361174,4430.0,0.3975169300225734
1058,79802,2881,903.0,3425.0,0.4751005687335275,7209.0,0.3996393397142461
1059,79900,366,264.0,3545.0,0.8491017964071856,4175.0,0.08766467065868264
1060,80000,521,841.0,915.0,0.4018445322793149,2277.0,0.22880983750548967
1061,80200,381,392.0,746.0,0.4911125740618828,1519.0,0.25082290980908495
1062,80301,174,41.0,194.0,0.4743276283618582,409.0,0.4254278728606357
1063,80302,301,99.0,538.0,0.5735607675906184,938.0,0.3208955223880597
1064,80400,299,420.0,774.0,0.5184192900200938,1493.0,0.20026791694574683
1065,80600,273,508.0,571.0,0.4223372781065089,1352.0,0.20192307692307693
1066,80800,67,77.0,274.0,0.6555023923444976,418.0,0.16028708133971292
1067,80900,92,227.0,497.0,0.6090686274509803,816.0,0.11274509803921569
1068,81000,57,73.0,97.0,0.42731277533039647,227.0,0.2511013215859031
1069,81400,9325,525.0,540.0,0.0519730510105871,10390.0,0.897497593840231
1070,81600,149,343.0,838.0,0.6300751879699248,1330.0,0.11203007518796992
1071,81800,1403,487.0,833.0,0.3059125964010283,2723.0,0.5152405435181785
1072,82000,408,293.0,936.0,0.5717776420281002,1637.0,0.24923640806353084
1073,82200,274,298.0,513.0,0.4728110599078341,1085.0,0.25253456221198156
1074,82400,169,148.0,404.0,0.5603328710124826,721.0,0.23439667128987518
1075,82600,158,99.0,433.0,0.6275362318840579,690.0,0.2289855072463768
1076,82800,132,74.0,494.0,0.7057142857142857,700.0,0.18857142857142858
1077,83000,86,88.0,182.0,0.5112359550561798,356.0,0.24157303370786518
1078,83200,25,45.0,85.0,0.5483870967741935,155.0,0.16129032258064516
1079,83400,43,23.0,67.0,0.5037593984962406,133.0,0.3233082706766917
1080,83600,42,66.0,75.0,0.4098360655737705,183.0,0.22950819672131148
1081,83700,130,51.0,214.0,0.5417721518987342,395.0,0.3291139240506329
1082,83800,65,53.0,158.0,0.572463768115942,276.0,0.23550724637681159
1083,84000,97,100.0,162.0,0.45125348189415043,359.0,0.27019498607242337
1084,84500,58,42.0,67.0,0.40119760479041916,167.0,0.3473053892215569
1085,84600,34,80.0,60.0,0.3448275862068966,174.0,0.19540229885057472
1086,84601,385,98.0,68.0,0.12341197822141561,551.0,0.6987295825771325
1087,84602,7413,189.0,62.0,0.008089770354906054,7664.0,0.9672494780793319
1088,84800,46,75.0,68.0,0.35978835978835977,189.0,0.24338624338624337
1089,84900,209,102.0,556.0,0.6412918108419838,867.0,0.24106113033448673
1090,85000,15,1.0,,,,
1091,85200,4,10.0,12.0,0.46153846153846156,26.0,0.15384615384615385
1092,85300,628,179.0,26573.0,0.9705259313367421,27380.0,0.02293644996347699
1093,85400,55,69.0,108.0,0.46551724137931033,232.0,0.23706896551724138
1094,85500,69,58.0,210.0,0.6231454005934718,337.0,0.20474777448071216
1095,85600,97,204.0,164.0,0.35268817204301073,465.0,0.2086021505376344
1096,85700,54,43.0,185.0,0.6560283687943262,282.0,0.19148936170212766
1097,85800,49,54.0,118.0,0.5339366515837104,221.0,0.22171945701357465
1098,85900,63,22.0,91.0,0.5170454545454546,176.0,0.35795454545454547
1099,86000,57,45.0,179.0,0.6370106761565836,281.0,0.20284697508896798
1100,86100,42,34.0,593.0,0.8863976083707026,669.0,0.06278026905829596
1101,86200,68,162.0,96.0,0.294478527607362,326.0,0.2085889570552147
1102,86300,51,37.0,243.0,0.7341389728096677,331.0,0.1540785498489426
1103,86400,424,289.0,5322.0,0.8818558409279205,6035.0,0.07025683512841756
1104,86500,544,144.0,1858.0,0.7297721916732128,2546.0,0.21366849960722703
1105,86600,107,186.0,149.0,0.33710407239819007,442.0,0.2420814479638009
1106,86800,128,103.0,165.0,0.4166666666666667,396.0,0.32323232323232326
1107,86900,4046,135.0,1358.0,0.24517060841307095,5539.0,0.7304567611482217
1108,87000,38,64.0,60.0,0.37037037037037035,162.0,0.2345679012345679
1109,87100,1471,663.0,71808.0,0.9711395418030349,73942.0,0.019893970950204214
1110,87200,71,210.0,114.0,0.28860759493670884,395.0,0.17974683544303796
1111,87401,172,175.0,439.0,0.5585241730279898,786.0,0.21882951653944022
1112,87600,103,348.0,340.0,0.42983565107458915,791.0,0.1302149178255373
1113,87800,98,127.0,276.0,0.5508982035928144,501.0,0.19560878243512975
1114,88000,750,125.0,485.0,0.35661764705882354,1360.0,0.5514705882352942
1115,88200,143,226.0,624.0,0.6283987915407855,993.0,0.14400805639476336
1116,88400,202,390.0,288.0,0.32727272727272727,880.0,0.22954545454545455
1117,88600,57,154.0,119.0,0.3606060606060606,330.0,0.17272727272727273
1118,88800,44,57.0,102.0,0.5024630541871922,203.0,0.21674876847290642
1119,88901,147,39.0,94.0,0.3357142857142857,280.0,0.525
1120,89000,79,167.0,126.0,0.3387096774193548,372.0,0.21236559139784947
1121,89200,160,202.0,343.0,0.48652482269503544,705.0,0.22695035460992907
1122,89400,74,108.0,273.0,0.6,455.0,0.16263736263736264
1123,89600,25,48.0,77.0,0.5133333333333333,150.0,0.16666666666666666
1124,89800,28,121.0,69.0,0.3165137614678899,218.0,0.12844036697247707
1125,90000,71,131.0,281.0,0.5817805383022774,483.0,0.14699792960662525
1126,90100,41,55.0,,,,
1127,90200,68,39.0,432.0,0.8014842300556586,539.0,0.1261595547309833
1128,90600,69,44.0,808.0,0.8773072747014115,921.0,0.0749185667752443
1129,90700,238,109.0,1134.0,0.7656988521269412,1481.0,0.16070222822417285
1130,90800,36,121.0,264.0,0.6270783847980997,421.0,0.0855106888361045
1131,91000,30,49.0,191.0,0.7074074074074074,270.0,0.1111111111111111
1132,91200,86,129.0,524.0,0.7090663058186739,739.0,0.11637347767253045
1133,91600,32,96.0,273.0,0.6807980049875312,401.0,0.0798004987531172
1134,91601,18,7.0,,,,
1135,91602,7,8.0,,,,
1136,91800,36,64.0,103.0,0.5073891625615764,203.0,0.17733990147783252
1137,91900,127,100.0,270.0,0.5432595573440644,497.0,0.25553319919517103
1138,92000,31,85.0,144.0,0.5538461538461539,260.0,0.11923076923076924
1139,92200,78,111.0,188.0,0.4986737400530504,377.0,0.20689655172413793
1140,92400,55,74.0,338.0,0.7237687366167024,467.0,0.11777301927194861
1141,92500,129,102.0,443.0,0.6572700296735905,674.0,0.1913946587537092
1142,92800,71,478.0,255.0,0.31716417910447764,804.0,0.08830845771144279
1143,92900,122,33.0,48.0,0.23645320197044334,203.0,0.6009852216748769
1144,93000,21,28.0,60.0,0.5504587155963303,109.0,0.1926605504587156
1145,93200,50,149.0,90.0,0.31141868512110726,289.0,0.17301038062283736
1146,93400,18,45.0,49.0,0.4375,112.0,0.16071428571428573
1147,93401,15,,,,,
1148,93402,28,3.0,24.0,0.43636363636363634,55.0,0.509090909090909
1149,93600,15,43.0,19.0,0.24675324675324675,77.0,0.19480519480519481
1150,93800,37,58.0,58.0,0.3790849673202614,153.0,0.24183006535947713
1151,93900,27,37.0,24.0,0.2727272727272727,88.0,0.3068181818181818
1152,94201,40,37.0,,,,
1153,94202,10,15.0,2.0,0.07407407407407407,27.0,0.37037037037037035
1154,94203,13,1.0,,,,
1155,94401,41,113.0,67.0,0.3031674208144796,221.0,0.18552036199095023
1156,94402,35,109.0,106.0,0.424,250.0,0.14
1157,94500,49,97.0,153.0,0.5117056856187291,299.0,0.16387959866220736
1158,94600,44,95.0,119.0,0.46124031007751937,258.0,0.17054263565891473
1159,94700,99,207.0,267.0,0.46596858638743455,573.0,0.17277486910994763
1160,95000,44,160.0,89.0,0.3037542662116041,293.0,0.15017064846416384
1161,95400,45,109.0,102.0,0.3984375,256.0,0.17578125
1162,95600,64,103.0,140.0,0.4560260586319218,307.0,0.20846905537459284
1163,95800,26,68.0,61.0,0.3935483870967742,155.0,0.16774193548387098
1164,96000,19,27.0,40.0,0.46511627906976744,86.0,0.22093023255813954
1165,96200,39,25.0,80.0,0.5555555555555556,144.0,0.2708333333333333
1166,96400,49,57.0,64.0,0.3764705882352941,170.0,0.28823529411764703
1167,96600,34,16.0,60.0,0.5454545454545454,110.0,0.3090909090909091
1168,96800,60,68.0,450.0,0.7785467128027682,578.0,0.10380622837370242
1169,97000,22,28.0,96.0,0.6575342465753424,146.0,0.1506849315068493
1170,97202,6,,,,,
1171,97203,14,,,,,
1172,97204,5,6.0,12.0,0.5217391304347826,23.0,0.21739130434782608
1173,97300,98,70.0,23.0,0.12041884816753927,191.0,0.5130890052356021
1174,97400,28,137.0,15.0,0.08333333333333333,180.0,0.15555555555555556
1175,98100,6,15.0,18.0,0.46153846153846156,39.0,0.15384615384615385
1176,98200,41,70.0,127.0,0.5336134453781513,238.0,0.1722689075630252
1177,98400,23,51.0,30.0,0.28846153846153844,104.0,0.22115384615384615
1178,98600,17,11.0,30.0,0.5172413793103449,58.0,0.29310344827586204
1179,98700,15,32.0,20.0,0.29850746268656714,67.0,0.22388059701492538
1180,98800,25,50.0,47.0,0.38524590163934425,122.0,0.20491803278688525
1181,99000,21,31.0,36.0,0.4090909090909091,88.0,0.23863636363636365
1182,99100,38,90.0,24.0,0.15789473684210525,152.0,0.25
1183,99200,39,42.0,12.0,0.12903225806451613,93.0,0.41935483870967744
1184,99400,14,34.0,60.0,0.5555555555555556,108.0,0.12962962962962962
1185,99600,19,53.0,48.0,0.4,120.0,0.15833333333333333
1186,99701,21,52.0,12.0,0.1411764705882353,85.0,0.24705882352941178
1187,99703,33,72.0,40.0,0.27586206896551724,145.0,0.22758620689655173
1188,99704,26,75.0,61.0,0.3765432098765432,162.0,0.16049382716049382
1189,99705,44,48.0,70.0,0.43209876543209874,162.0,0.2716049382716049
1190,99800,15,31.0,18.0,0.28125,64.0,0.234375
1191,99801,13,47.0,48.0,0.4444444444444444,108.0,0.12037037037037036
1192,99802,14,24.0,18.0,0.32142857142857145,56.0,0.25
1193,99900,21,8.0,6.0,0.17142857142857143,35.0,0.6
